INSERT INTO films (film_title, poster, duration, trailer, metascore, rating, year, plot, director) VALUES ('Love','
            http://ia.media-imdb.com/images/M/MV5BMTQzNDUwODk5NF5BMl5BanBnXkFtZTgwNzA0MDQ2NTE@._V1_SY317_CR5,0,214,317_AL_.jpg
        ','130'::SMALLINT,'http://LucaIlFigo.com/watch/','54'::SMALLINT,'6.8'::DECIMAL(2,1),'2015'::SMALLINT,'A sexual melodrama about a boy and a girl and another girl. It''s a love story, which celebrates sex in a
            joyous way.
        ','Gaspar Noé');
INSERT INTO actors (name, url_photo)  VALUES ('Gaspar Noé','
                    http://ia.media-imdb.com/images/M/MV5BMjA1ODY2NTg3NF5BMl5BanBnXkFtZTYwOTMwNzA2._V1_UY317_CR44,0,214,317_AL_.jpg');
INSERT INTO film_actors (id_film, actor_name, role)   VALUES ('151'::INT,'Gaspar Noé','Art Gallery Owner');
INSERT INTO actors (name, url_photo)  VALUES ('Aomi Muyock','
                    http://ia.media-imdb.com/images/M/MV5BMTc4MjE5MjcwN15BMl5BanBnXkFtZTgwMjc5MzY3NTE@._V1_UY317_CR44,0,214,317_AL_.jpg');
INSERT INTO film_actors (id_film, actor_name, role)   VALUES ('151'::INT,'Aomi Muyock','Electra');
INSERT INTO actors (name, url_photo)  VALUES ('Karl Glusman','
                    http://ia.media-imdb.com/images/M/MV5BMjE1OTUzNDg5NF5BMl5BanBnXkFtZTgwMjg3MzQ1NDE@._V1_UY317_CR44,0,214,317_AL_.jpg');
INSERT INTO film_actors (id_film, actor_name, role)   VALUES ('151'::INT,'Karl Glusman','Murphy');
INSERT INTO actors (name, url_photo)  VALUES ('Klara Kristin','
                    http://ia.media-imdb.com/images/M/MV5BMjA0MDA5MTgzOF5BMl5BanBnXkFtZTgwNDc5MzY3NTE@._V1_UY317_CR44,0,214,317_AL_.jpg');
INSERT INTO film_actors (id_film, actor_name, role)   VALUES ('151'::INT,'Klara Kristin','Omi');
INSERT INTO actors (name, url_photo)  VALUES ('Benoît Debie','
                    http://ia.media-imdb.com/images/M/MV5BMTkxODk2ODY0Nl5BMl5BanBnXkFtZTgwNDU1MTAzMTE@._V1_UY317_CR44,0,214,317_AL_.jpg');
INSERT INTO film_actors (id_film, actor_name, role)   VALUES ('151'::INT,'Benoît Debie','');
INSERT INTO actors (name, url_photo)  VALUES ('Christian Dias','
                    http://ia.media-imdb.com/images/M/MV5BMjQwODIxMjM4NV5BMl5BanBnXkFtZTgwMTQ0NTM5NTE@._V1_UY317_CR44,0,214,317_AL_.jpg');
INSERT INTO film_actors (id_film, actor_name, role)   VALUES ('151'::INT,'Christian Dias','Church guest');
INSERT INTO actors (name, url_photo)  VALUES ('Vincent Maraval','');
INSERT INTO film_actors (id_film, actor_name, role)   VALUES ('151'::INT,'Vincent Maraval','Noé');
INSERT INTO film_genres (id_film, genre)   VALUES ('151'::INT,'Drama');
INSERT INTO films (film_title, poster, duration, trailer, metascore, rating, year, plot, director) VALUES ('Gabriel','
            http://ia.media-imdb.com/images/M/MV5BMTk5NTQ1MDMyMV5BMl5BanBnXkFtZTgwNDM4MzI5NTE@._V1_SY317_CR1,0,214,317_AL_.jpg
        ','85'::SMALLINT,'http://LucaIlFigo.com/watch/','-1'::SMALLINT,'7.1'::DECIMAL(2,1),'2014'::SMALLINT,'A troubled young man searches obsessively for his first love, risking everything in an increasingly
            desperate pursuit.
        ','Lou Howe');
INSERT INTO actors (name, url_photo)  VALUES ('Rory Culkin','
                    http://ia.media-imdb.com/images/M/MV5BNDI2MzgxNDcxMl5BMl5BanBnXkFtZTcwNjcxMzYyMg@@._V1_UY317_CR44,0,214,317_AL_.jpg');
INSERT INTO film_actors (id_film, actor_name, role)   VALUES ('152'::INT,'Rory Culkin','Gabriel');
INSERT INTO actors (name, url_photo)  VALUES ('Emily Meade','
                    http://ia.media-imdb.com/images/M/MV5BMTM3NjQ4NDEzOF5BMl5BanBnXkFtZTcwNjQxMTU4OA@@._V1_UY317_CR44,0,214,317_AL_.jpg');
INSERT INTO film_actors (id_film, actor_name, role)   VALUES ('152'::INT,'Emily Meade','Alice');
INSERT INTO actors (name, url_photo)  VALUES ('Lynn Cohen','
                    http://ia.media-imdb.com/images/M/MV5BMjAzNzU3MzIwMF5BMl5BanBnXkFtZTcwMDY0MzM3MQ@@._V1_UY317_CR44,0,214,317_AL_.jpg');
INSERT INTO film_actors (id_film, actor_name, role)   VALUES ('152'::INT,'Lynn Cohen','Nonny');
INSERT INTO actors (name, url_photo)  VALUES ('David Call','
                    http://ia.media-imdb.com/images/M/MV5BNDM5NDA5NjIyN15BMl5BanBnXkFtZTcwNDE1MDUzOA@@._V1_UY317_CR44,0,214,317_AL_.jpg');
INSERT INTO film_actors (id_film, actor_name, role)   VALUES ('152'::INT,'David Call','Matthew');
INSERT INTO actors (name, url_photo)  VALUES ('Deirdre O''Connell','
                    http://ia.media-imdb.com/images/M/MV5BMTk0ODQ1NDI0Nl5BMl5BanBnXkFtZTcwMTQxMTQyOA@@._V1_UY317_CR44,0,214,317_AL_.jpg');
INSERT INTO film_actors (id_film, actor_name, role)   VALUES ('152'::INT,'Deirdre O''Connell','Meredith');
INSERT INTO actors (name, url_photo)  VALUES ('Alexia Rasmussen','
                    http://ia.media-imdb.com/images/M/MV5BMzE1NDEyMzA1NF5BMl5BanBnXkFtZTcwNjczNTAwMg@@._V1_UY317_CR44,0,214,317_AL_.jpg');
INSERT INTO film_actors (id_film, actor_name, role)   VALUES ('152'::INT,'Alexia Rasmussen','Kelly');
INSERT INTO actors (name, url_photo)  VALUES ('Louisa Krause','
                    http://ia.media-imdb.com/images/M/MV5BMTQzMTk1NTQzM15BMl5BanBnXkFtZTcwODY4NDA3MQ@@._V1_UY317_CR44,0,214,317_AL_.jpg');
INSERT INTO film_actors (id_film, actor_name, role)   VALUES ('152'::INT,'Louisa Krause','Sarah');
INSERT INTO actors (name, url_photo)  VALUES ('Frank De Julio','
                    http://ia.media-imdb.com/images/M/MV5BMjA0Njk1MTM3OF5BMl5BanBnXkFtZTgwMDg2ODU3NDE@._V1_UY317_CR44,0,214,317_AL_.jpg');
INSERT INTO film_actors (id_film, actor_name, role)   VALUES ('152'::INT,'Frank De Julio','Paul');
INSERT INTO actors (name, url_photo)  VALUES ('Desmin Borges','
                    http://ia.media-imdb.com/images/M/MV5BMzE0OTg1NjM1M15BMl5BanBnXkFtZTgwMzEwMDAwNjE@._V1_UY317_CR44,0,214,317_AL_.jpg');
INSERT INTO film_actors (id_film, actor_name, role)   VALUES ('152'::INT,'Desmin Borges','Rudy');
INSERT INTO actors (name, url_photo)  VALUES ('Julia Murney','
                    http://ia.media-imdb.com/images/M/MV5BMTM1NDE2MDcxOF5BMl5BanBnXkFtZTcwODM3MjkwNA@@._V1_UY317_CR44,0,214,317_AL_.jpg');
INSERT INTO film_actors (id_film, actor_name, role)   VALUES ('152'::INT,'Julia Murney','Woman on Phone');
INSERT INTO actors (name, url_photo)  VALUES ('Sean Cullen','
                    http://ia.media-imdb.com/images/M/MV5BMjAyNjk2MzI3MV5BMl5BanBnXkFtZTcwNTgzMjA5OA@@._V1_UY317_CR44,0,214,317_AL_.jpg');
INSERT INTO film_actors (id_film, actor_name, role)   VALUES ('152'::INT,'Sean Cullen','Jonathan Norton');
INSERT INTO actors (name, url_photo)  VALUES ('Jee Young Han','
                    http://ia.media-imdb.com/images/M/MV5BMjMwMzcxMzYzOF5BMl5BanBnXkFtZTcwNzc5MTc1OA@@._V1_UY317_CR44,0,214,317_AL_.jpg');
INSERT INTO film_actors (id_film, actor_name, role)   VALUES ('152'::INT,'Jee Young Han','Girl With Braces');
INSERT INTO actors (name, url_photo)  VALUES ('Chase Anderson','
                    http://ia.media-imdb.com/images/M/MV5BMTYwNTc4NDAzMF5BMl5BanBnXkFtZTgwNzE0NTg1MzE@._V1_UY317_CR44,0,214,317_AL_.jpg');
INSERT INTO film_actors (id_film, actor_name, role)   VALUES ('152'::INT,'Chase Anderson','Son at diner');
INSERT INTO actors (name, url_photo)  VALUES ('Samantha Sherman','
                    http://ia.media-imdb.com/images/M/MV5BMTk5NDc3NTAyM15BMl5BanBnXkFtZTcwNzU4ODYzNQ@@._V1_UY317_CR44,0,214,317_AL_.jpg');
INSERT INTO film_actors (id_film, actor_name, role)   VALUES ('152'::INT,'Samantha Sherman','Allison');
INSERT INTO actors (name, url_photo)  VALUES ('Chelsea Linder','
                    http://ia.media-imdb.com/images/M/MV5BMjA2NzA2Njk4MF5BMl5BanBnXkFtZTgwODQxNzgzMjE@._V1_UY317_CR44,0,214,317_AL_.jpg');
INSERT INTO film_actors (id_film, actor_name, role)   VALUES ('152'::INT,'Chelsea Linder','Diner Customer');
INSERT INTO film_genres (id_film, genre)   VALUES ('152'::INT,'Drama');
INSERT INTO films (film_title, poster, duration, trailer, metascore, rating, year, plot, director) VALUES ('Pitch Perfect 2','
            http://ia.media-imdb.com/images/M/MV5BMTk0Mzg4NDYyOF5BMl5BanBnXkFtZTgwOTM2ODg2NTE@._V1_SX214_AL_.jpg
        ','115'::SMALLINT,'http://LucaIlFigo.com/watch/','63'::SMALLINT,'7.0'::DECIMAL(2,1),'2015'::SMALLINT,'The Bellas are back, and they are better than ever. After being humiliated in front of none other than the
            President of the United States of America, the Bellas are taken out of the Aca-Circuit. In order to clear
            their name and regain their status, the Bellas take on a seemingly impossible task: winning an International
            competition no American team has ever won. In order to accomplish this monumental task, they need to
            strengthen the bonds of friendship and sisterhood, and blow away the competition with their amazing
            aca-magic! With all new friends and old rivals tagging along for the trip, the Bellas can hopefully
            accomplish their dreams once again.
        ','Elizabeth Banks');
INSERT INTO actors (name, url_photo)  VALUES ('Anna Kendrick','
                    http://ia.media-imdb.com/images/M/MV5BMjIzOTA0OTQyN15BMl5BanBnXkFtZTcwMjE1OTIwMw@@._V1_UY317_CR44,0,214,317_AL_.jpg');
INSERT INTO film_actors (id_film, actor_name, role)   VALUES ('153'::INT,'Anna Kendrick','Beca');
INSERT INTO actors (name, url_photo)  VALUES ('Rebel Wilson','
                    http://ia.media-imdb.com/images/M/MV5BMjEyMTIzOTI2OV5BMl5BanBnXkFtZTgwNTYxMjc0NTE@._V1_UY317_CR44,0,214,317_AL_.jpg');
INSERT INTO film_actors (id_film, actor_name, role)   VALUES ('153'::INT,'Rebel Wilson','Fat Amy');
INSERT INTO actors (name, url_photo)  VALUES ('Hailee Steinfeld','
                    http://ia.media-imdb.com/images/M/MV5BMTY1NjAwODIzOV5BMl5BanBnXkFtZTgwNjkwNDk3NTE@._V1_UY317_CR44,0,214,317_AL_.jpg');
INSERT INTO film_actors (id_film, actor_name, role)   VALUES ('153'::INT,'Hailee Steinfeld','Emily');
INSERT INTO actors (name, url_photo)  VALUES ('Brittany Snow','
                    http://ia.media-imdb.com/images/M/MV5BODU2NDAxNzAwNF5BMl5BanBnXkFtZTcwMTAwNTQzNA@@._V1_UY317_CR44,0,214,317_AL_.jpg');
INSERT INTO film_actors (id_film, actor_name, role)   VALUES ('153'::INT,'Brittany Snow','Chloe');
INSERT INTO actors (name, url_photo)  VALUES ('Skylar Astin','
                    http://ia.media-imdb.com/images/M/MV5BMjExODY2NDcxNV5BMl5BanBnXkFtZTcwMjc0MDE2OA@@._V1_UY317_CR44,0,214,317_AL_.jpg');
INSERT INTO film_actors (id_film, actor_name, role)   VALUES ('153'::INT,'Skylar Astin','Jesse');
INSERT INTO actors (name, url_photo)  VALUES ('Adam DeVine','
                    http://ia.media-imdb.com/images/M/MV5BOTMyNDY2NDkyN15BMl5BanBnXkFtZTgwNjU3MDE3NTE@._V1_UY317_CR44,0,214,317_AL_.jpg');
INSERT INTO film_actors (id_film, actor_name, role)   VALUES ('153'::INT,'Adam DeVine','Bumper');
INSERT INTO actors (name, url_photo)  VALUES ('Katey Sagal','
                    http://ia.media-imdb.com/images/M/MV5BNDU0ODA0NjMzMF5BMl5BanBnXkFtZTcwMjYyMTk3MQ@@._V1_UY317_CR44,0,214,317_AL_.jpg');
INSERT INTO film_actors (id_film, actor_name, role)   VALUES ('153'::INT,'Katey Sagal','Katherine');
INSERT INTO actors (name, url_photo)  VALUES ('Anna Camp','
                    http://ia.media-imdb.com/images/M/MV5BMjIyMTAwMzMwMF5BMl5BanBnXkFtZTgwODEyMzE3NTE@._V1_UY317_CR44,0,214,317_AL_.jpg');
INSERT INTO film_actors (id_film, actor_name, role)   VALUES ('153'::INT,'Anna Camp','Aubrey');
INSERT INTO actors (name, url_photo)  VALUES ('Ben Platt','
                    http://ia.media-imdb.com/images/M/MV5BMjE2MTY0MjU5NF5BMl5BanBnXkFtZTgwMjE0Mzg3MTE@._V1_UY317_CR44,0,214,317_AL_.jpg');
INSERT INTO film_actors (id_film, actor_name, role)   VALUES ('153'::INT,'Ben Platt','Benji');
INSERT INTO actors (name, url_photo)  VALUES ('Alexis Knapp','
                    http://ia.media-imdb.com/images/M/MV5BMTgzMTkxMzEzMV5BMl5BanBnXkFtZTgwMDcxNjgyMDE@._V1_UY317_CR44,0,214,317_AL_.jpg');
INSERT INTO film_actors (id_film, actor_name, role)   VALUES ('153'::INT,'Alexis Knapp','Stacie');
INSERT INTO actors (name, url_photo)  VALUES ('Hana Mae Lee','
                    http://ia.media-imdb.com/images/M/MV5BMTgxNzQwMDc5MF5BMl5BanBnXkFtZTgwODIwNDYwMTE@._V1_UY317_CR44,0,214,317_AL_.jpg');
INSERT INTO film_actors (id_film, actor_name, role)   VALUES ('153'::INT,'Hana Mae Lee','Lilly');
INSERT INTO actors (name, url_photo)  VALUES ('Ester Dean','');
INSERT INTO film_actors (id_film, actor_name, role)   VALUES ('153'::INT,'Ester Dean','Cynthia Rose');
INSERT INTO actors (name, url_photo)  VALUES ('Chrissie Fit','
                    http://ia.media-imdb.com/images/M/MV5BMjIxMjQyMjY4NV5BMl5BanBnXkFtZTgwMzQ4MzEwMzE@._V1_UY317_CR44,0,214,317_AL_.jpg');
INSERT INTO film_actors (id_film, actor_name, role)   VALUES ('153'::INT,'Chrissie Fit','Flo');
INSERT INTO actors (name, url_photo)  VALUES ('Birgitte Hjort Sørensen','
                    http://ia.media-imdb.com/images/M/MV5BMjM0NTQyOTk1Ml5BMl5BanBnXkFtZTcwMTg1NTY1OQ@@._V1_UY317_CR44,0,214,317_AL_.jpg');
INSERT INTO film_actors (id_film, actor_name, role)   VALUES ('153'::INT,'Birgitte Hjort Sørensen','Kommissar');
INSERT INTO actors (name, url_photo)  VALUES ('Flula Borg','
                    http://ia.media-imdb.com/images/M/MV5BMTQ2OTg2MjQwN15BMl5BanBnXkFtZTgwOTIzOTUyMTE@._V1_UY317_CR44,0,214,317_AL_.jpg');
INSERT INTO film_actors (id_film, actor_name, role)   VALUES ('153'::INT,'Flula Borg','Pieter Krämer');
INSERT INTO film_genres (id_film, genre)   VALUES ('153'::INT,'Comedy');
INSERT INTO films (film_title, poster, duration, trailer, metascore, rating, year, plot, director) VALUES ('Batkid Begins','http://ia.media-imdb.com/images/M/MV5BMTg3MTAxMjczM15BMl5BanBnXkFtZTgwNjc3MzY3NTE@._V1_SX214_AL_.jpg','87'::SMALLINT,'http://LucaIlFigo.com/watch/','-1'::SMALLINT,'6.6'::DECIMAL(2,1),'2015'::SMALLINT,'On November 15, 2013, the world came together to grant one 5-year-old leukemia patient his wish to be Batman for a day. "Batkid Begins" looks at why and how this phenomenon took place, becoming one of the biggest "good news" stories of all time.','Dana Nachman');
INSERT INTO actors (name, url_photo)  VALUES ('Teresa Clovicko','');
INSERT INTO film_actors (id_film, actor_name, role)   VALUES ('154'::INT,'Teresa Clovicko','Herself');
INSERT INTO actors (name, url_photo)  VALUES ('Audrey Copper','');
INSERT INTO film_actors (id_film, actor_name, role)   VALUES ('154'::INT,'Audrey Copper','Herself');
INSERT INTO actors (name, url_photo)  VALUES ('Katie Cotton','');
INSERT INTO film_actors (id_film, actor_name, role)   VALUES ('154'::INT,'Katie Cotton','Herself');
INSERT INTO actors (name, url_photo)  VALUES ('Ama Daetz','');
INSERT INTO film_actors (id_film, actor_name, role)   VALUES ('154'::INT,'Ama Daetz','Herself');
INSERT INTO actors (name, url_photo)  VALUES ('Mike DeJesus','');
INSERT INTO film_actors (id_film, actor_name, role)   VALUES ('154'::INT,'Mike DeJesus','Himself');
INSERT INTO actors (name, url_photo)  VALUES ('Eric Johnston','');
INSERT INTO film_actors (id_film, actor_name, role)   VALUES ('154'::INT,'Eric Johnston','Batman');
INSERT INTO actors (name, url_photo)  VALUES ('Sue Graham Johnston','');
INSERT INTO film_actors (id_film, actor_name, role)   VALUES ('154'::INT,'Sue Graham Johnston','Herself');
INSERT INTO actors (name, url_photo)  VALUES ('Mike Jutan','http://ia.media-imdb.com/images/M/MV5BMTU5MDQ1NDA4OV5BMl5BanBnXkFtZTgwMzY3NjEwNDE@._V1_UY317_CR44,0,214,317_AL_.jpg');
INSERT INTO film_actors (id_film, actor_name, role)   VALUES ('154'::INT,'Mike Jutan','The Penguin');
INSERT INTO actors (name, url_photo)  VALUES ('Bary Kendall','');
INSERT INTO film_actors (id_film, actor_name, role)   VALUES ('154'::INT,'Bary Kendall','Himself');
INSERT INTO actors (name, url_photo)  VALUES ('Naomi Kyle','http://ia.media-imdb.com/images/M/MV5BMTU3MTk4OTczMV5BMl5BanBnXkFtZTcwNTQyNjU2OQ@@._V1_UY317_CR44,0,214,317_AL_.jpg');
INSERT INTO film_actors (id_film, actor_name, role)   VALUES ('154'::INT,'Naomi Kyle','Herself');
INSERT INTO actors (name, url_photo)  VALUES ('Ed Lee','');
INSERT INTO film_actors (id_film, actor_name, role)   VALUES ('154'::INT,'Ed Lee','Himself');
INSERT INTO actors (name, url_photo)  VALUES ('Stefania Pomponi','');
INSERT INTO film_actors (id_film, actor_name, role)   VALUES ('154'::INT,'Stefania Pomponi','Herself');
INSERT INTO actors (name, url_photo)  VALUES ('Miles Scott','');
INSERT INTO film_actors (id_film, actor_name, role)   VALUES ('154'::INT,'Miles Scott','Batkid');
INSERT INTO actors (name, url_photo)  VALUES ('Natalie Scott','');
INSERT INTO film_actors (id_film, actor_name, role)   VALUES ('154'::INT,'Natalie Scott','Herself');
INSERT INTO actors (name, url_photo)  VALUES ('Nick Scott','');
INSERT INTO film_actors (id_film, actor_name, role)   VALUES ('154'::INT,'Nick Scott','Himself');
INSERT INTO film_genres (id_film, genre)   VALUES ('154'::INT,'Documentary');
INSERT INTO films (film_title, poster, duration, trailer, metascore, rating, year, plot, director) VALUES ('Entourage','
            http://ia.media-imdb.com/images/M/MV5BMTQ3NjYxMDE1OV5BMl5BanBnXkFtZTgwMjgzOTE4MzE@._V1_SY317_CR1,0,214,317_AL_.jpg
        ','104'::SMALLINT,'http://LucaIlFigo.com/watch/','38'::SMALLINT,'7.5'::DECIMAL(2,1),'2015'::SMALLINT,'Movie star Vincent Chase, together with his boys Eric, Turtle, and Johnny, are back - and back in business
            with super agent-turned-studio head Ari Gold on a risky project that will serve as Vince''s directorial
            debut.
        ','Doug Ellin');
INSERT INTO actors (name, url_photo)  VALUES ('Kevin Connolly','
                    http://ia.media-imdb.com/images/M/MV5BMTM1NjcwOTg4N15BMl5BanBnXkFtZTcwMTg0NjA3Mg@@._V1_UY317_CR44,0,214,317_AL_.jpg');
INSERT INTO film_actors (id_film, actor_name, role)   VALUES ('155'::INT,'Kevin Connolly','Eric');
INSERT INTO actors (name, url_photo)  VALUES ('Adrian Grenier','
                    http://ia.media-imdb.com/images/M/MV5BMTQwOTQ5MTI4Nl5BMl5BanBnXkFtZTgwODkwODA3MTE@._V1_UY317_CR44,0,214,317_AL_.jpg');
INSERT INTO film_actors (id_film, actor_name, role)   VALUES ('155'::INT,'Adrian Grenier','Vince');
INSERT INTO actors (name, url_photo)  VALUES ('Kevin Dillon','
                    http://ia.media-imdb.com/images/M/MV5BMTk1Njg4NTEwMV5BMl5BanBnXkFtZTYwODU0ODcz._V1_UY317_CR44,0,214,317_AL_.jpg');
INSERT INTO film_actors (id_film, actor_name, role)   VALUES ('155'::INT,'Kevin Dillon','Johnny Drama');
INSERT INTO actors (name, url_photo)  VALUES ('Jerry Ferrara','
                    http://ia.media-imdb.com/images/M/MV5BMjA4NDgxMDEzOF5BMl5BanBnXkFtZTgwODk1NzQ3NDE@._V1_UY317_CR44,0,214,317_AL_.jpg');
INSERT INTO film_actors (id_film, actor_name, role)   VALUES ('155'::INT,'Jerry Ferrara','Turtle');
INSERT INTO actors (name, url_photo)  VALUES ('Jeremy Piven','
                    http://ia.media-imdb.com/images/M/MV5BMTUwMDQ0NjU5N15BMl5BanBnXkFtZTcwNjA1NzMxNQ@@._V1_UY317_CR44,0,214,317_AL_.jpg');
INSERT INTO film_actors (id_film, actor_name, role)   VALUES ('155'::INT,'Jeremy Piven','Ari Gold');
INSERT INTO actors (name, url_photo)  VALUES ('Emmanuelle Chriqui','
                    http://ia.media-imdb.com/images/M/MV5BMTgyNTgzMDg5MF5BMl5BanBnXkFtZTcwMTQ3OTkzMQ@@._V1_UY317_CR44,0,214,317_AL_.jpg');
INSERT INTO film_actors (id_film, actor_name, role)   VALUES ('155'::INT,'Emmanuelle Chriqui','Sloan');
INSERT INTO actors (name, url_photo)  VALUES ('Perrey Reeves','
                    http://ia.media-imdb.com/images/M/MV5BMTM1NzM5MTI0OV5BMl5BanBnXkFtZTcwNDc5MzQzNw@@._V1_UY317_CR44,0,214,317_AL_.jpg');
INSERT INTO film_actors (id_film, actor_name, role)   VALUES ('155'::INT,'Perrey Reeves','Mrs. Ari');
INSERT INTO actors (name, url_photo)  VALUES ('Rex Lee','
                    http://ia.media-imdb.com/images/M/MV5BMTYyMTYzMjAzOV5BMl5BanBnXkFtZTcwNzU2NzM4Mg@@._V1_UY317_CR44,0,214,317_AL_.jpg');
INSERT INTO film_actors (id_film, actor_name, role)   VALUES ('155'::INT,'Rex Lee','Lloyd');
INSERT INTO actors (name, url_photo)  VALUES ('Debi Mazar','
                    http://ia.media-imdb.com/images/M/MV5BODgyNTQxMjM5NV5BMl5BanBnXkFtZTcwOTExOTAyMw@@._V1_UY317_CR44,0,214,317_AL_.jpg');
INSERT INTO film_actors (id_film, actor_name, role)   VALUES ('155'::INT,'Debi Mazar','Shauna');
INSERT INTO actors (name, url_photo)  VALUES ('Rhys Coiro','
                    http://ia.media-imdb.com/images/M/MV5BMTMzODExMzY1MF5BMl5BanBnXkFtZTcwNjA2NDIzMQ@@._V1_UY317_CR44,0,214,317_AL_.jpg');
INSERT INTO film_actors (id_film, actor_name, role)   VALUES ('155'::INT,'Rhys Coiro','Billy Walsh');
INSERT INTO actors (name, url_photo)  VALUES ('Constance Zimmer','
                    http://ia.media-imdb.com/images/M/MV5BMTM3MDAzOTcyNV5BMl5BanBnXkFtZTcwNjUyOTIzMw@@._V1_UY317_CR44,0,214,317_AL_.jpg');
INSERT INTO film_actors (id_film, actor_name, role)   VALUES ('155'::INT,'Constance Zimmer','Dana Gordon');
INSERT INTO actors (name, url_photo)  VALUES ('Haley Joel Osment','
                    http://ia.media-imdb.com/images/M/MV5BNzI1NDQyMDQ4Ml5BMl5BanBnXkFtZTYwNDIxMjMz._V1_UY317_CR44,0,214,317_AL_.jpg');
INSERT INTO film_actors (id_film, actor_name, role)   VALUES ('155'::INT,'Haley Joel Osment','Travis McCredle');
INSERT INTO actors (name, url_photo)  VALUES ('Ronda Rousey','
                    http://ia.media-imdb.com/images/M/MV5BMjMzOTYwODY4NF5BMl5BanBnXkFtZTgwNzI2ODY4NTE@._V1_UY317_CR44,0,214,317_AL_.jpg');
INSERT INTO film_actors (id_film, actor_name, role)   VALUES ('155'::INT,'Ronda Rousey','Ronda Rousey');
INSERT INTO actors (name, url_photo)  VALUES ('Scott Mescudi','
                    http://ia.media-imdb.com/images/M/MV5BMjI5MjI3NTIzNV5BMl5BanBnXkFtZTcwMTc1MzE5OA@@._V1_UY317_CR44,0,214,317_AL_.jpg');
INSERT INTO film_actors (id_film, actor_name, role)   VALUES ('155'::INT,'Scott Mescudi','Allen');
INSERT INTO actors (name, url_photo)  VALUES ('Alan Dale','
                    http://ia.media-imdb.com/images/M/MV5BMTk3NDczMTIzMl5BMl5BanBnXkFtZTgwNTg0NTIwMjE@._V1_UY317_CR44,0,214,317_AL_.jpg');
INSERT INTO film_actors (id_film, actor_name, role)   VALUES ('155'::INT,'Alan Dale','John Ellis');
INSERT INTO film_genres (id_film, genre)   VALUES ('155'::INT,'Comedy');
INSERT INTO films (film_title, poster, duration, trailer, metascore, rating, year, plot, director) VALUES ('Manglehorn','
            http://ia.media-imdb.com/images/M/MV5BMzMwMzE2MjUzNF5BMl5BanBnXkFtZTgwMzMwNDQ3NTE@._V1_SX214_AL_.jpg
        ','97'::SMALLINT,'http://LucaIlFigo.com/watch/','62'::SMALLINT,'6.7'::DECIMAL(2,1),'2014'::SMALLINT,'A.J. Manglehorn is a reclusive Texas key-maker who spends his days caring for his cat, finding comfort in
            his work and lamenting a long lost love. Enter kind-hearted bank teller Dawn whose interest in the eccentric
            Manglehorn may just be able to draw him out of his shell.
        ','David Gordon Green');
INSERT INTO actors (name, url_photo)  VALUES ('Al Pacino','
                    http://ia.media-imdb.com/images/M/MV5BMTQzMzg1ODAyNl5BMl5BanBnXkFtZTYwMjAxODQ1._V1_UY317_CR44,0,214,317_AL_.jpg');
INSERT INTO film_actors (id_film, actor_name, role)   VALUES ('156'::INT,'Al Pacino','A.J. Manglehorn');
INSERT INTO actors (name, url_photo)  VALUES ('Holly Hunter','
                    http://ia.media-imdb.com/images/M/MV5BMjIzNzg1ODA1NF5BMl5BanBnXkFtZTcwNTI4NzQ4Mg@@._V1_UY317_CR44,0,214,317_AL_.jpg');
INSERT INTO film_actors (id_film, actor_name, role)   VALUES ('156'::INT,'Holly Hunter','Dawn');
INSERT INTO actors (name, url_photo)  VALUES ('Chris Messina','
                    http://ia.media-imdb.com/images/M/MV5BMTg3Njg5OTc4OV5BMl5BanBnXkFtZTcwMTE5OTMzMw@@._V1_UY317_CR44,0,214,317_AL_.jpg');
INSERT INTO film_actors (id_film, actor_name, role)   VALUES ('156'::INT,'Chris Messina','Jacob');
INSERT INTO actors (name, url_photo)  VALUES ('Harmony Korine','
                    http://ia.media-imdb.com/images/M/MV5BMTQ1MTcxMzA0OV5BMl5BanBnXkFtZTcwOTI3MjQyOQ@@._V1_UY317_CR44,0,214,317_AL_.jpg');
INSERT INTO film_actors (id_film, actor_name, role)   VALUES ('156'::INT,'Harmony Korine','Gary');
INSERT INTO actors (name, url_photo)  VALUES ('Natalie Wilemon','
                    http://ia.media-imdb.com/images/M/MV5BMTY0OTgzMzY3OF5BMl5BanBnXkFtZTgwMTU3NDk0MzE@._V1_UY317_CR44,0,214,317_AL_.jpg');
INSERT INTO film_actors (id_film, actor_name, role)   VALUES ('156'::INT,'Natalie Wilemon','Clara Massey');
INSERT INTO actors (name, url_photo)  VALUES ('June Griffin Garcia','
                    http://ia.media-imdb.com/images/M/MV5BMjA0ODczNzMzM15BMl5BanBnXkFtZTgwOTEzMTA5MzE@._V1_UY317_CR44,0,214,317_AL_.jpg');
INSERT INTO film_actors (id_film, actor_name, role)   VALUES ('156'::INT,'June Griffin Garcia','Elegant diner');
INSERT INTO actors (name, url_photo)  VALUES ('Lara Shah','
                    http://ia.media-imdb.com/images/M/MV5BMTQxOTI3NjM5M15BMl5BanBnXkFtZTgwMzM1MDQyMTE@._V1_UY317_CR44,0,214,317_AL_.jpg');
INSERT INTO film_actors (id_film, actor_name, role)   VALUES ('156'::INT,'Lara Shah','Bar Patron');
INSERT INTO actors (name, url_photo)  VALUES ('Sierra Scott','
                    http://ia.media-imdb.com/images/M/MV5BMTkyMzk3MDMyOF5BMl5BanBnXkFtZTgwMTM2OTQ3MzE@._V1_UY317_CR44,0,214,317_AL_.jpg');
INSERT INTO film_actors (id_film, actor_name, role)   VALUES ('156'::INT,'Sierra Scott','Veterinary Receptionist');
INSERT INTO actors (name, url_photo)  VALUES ('Ted Ferguson','
                    http://ia.media-imdb.com/images/M/MV5BMjU0ODYwODEzOV5BMl5BanBnXkFtZTgwMzEzMzE5NTE@._V1_UY317_CR44,0,214,317_AL_.jpg');
INSERT INTO film_actors (id_film, actor_name, role)   VALUES ('156'::INT,'Ted Ferguson','Double for Al Pacino');
INSERT INTO actors (name, url_photo)  VALUES ('Skylar Gasper','
                    http://ia.media-imdb.com/images/M/MV5BMTYxNjMzOTA1Nl5BMl5BanBnXkFtZTgwMDM1ODk4NDE@._V1_UY317_CR44,0,214,317_AL_.jpg');
INSERT INTO film_actors (id_film, actor_name, role)   VALUES ('156'::INT,'Skylar Gasper','Kylie');
INSERT INTO actors (name, url_photo)  VALUES ('Rebecca Franchione','
                    http://ia.media-imdb.com/images/M/MV5BMTY5MjU0NjQ0MV5BMl5BanBnXkFtZTgwMDYzNjk5NTE@._V1_UY317_CR44,0,214,317_AL_.jpg');
INSERT INTO film_actors (id_film, actor_name, role)   VALUES ('156'::INT,'Rebecca Franchione','Italian Mom');
INSERT INTO actors (name, url_photo)  VALUES ('Arthur Bryan','
                    http://ia.media-imdb.com/images/M/MV5BMTg0MjI4MTI4M15BMl5BanBnXkFtZTgwNTkyMjY0NTE@._V1_UY317_CR44,0,214,317_AL_.jpg');
INSERT INTO film_actors (id_film, actor_name, role)   VALUES ('156'::INT,'Arthur Bryan','Dancing man');
INSERT INTO actors (name, url_photo)  VALUES ('Jenee'' Amore''','
                    http://ia.media-imdb.com/images/M/MV5BMTc5MzgwNjc2MF5BMl5BanBnXkFtZTgwMjIwMjk2MjE@._V1_UY317_CR44,0,214,317_AL_.jpg');
INSERT INTO film_actors (id_film, actor_name, role)   VALUES ('156'::INT,'Jenee'' Amore''','Gary''s friend');
INSERT INTO actors (name, url_photo)  VALUES ('Kristin Miller White','
                    http://ia.media-imdb.com/images/M/MV5BNzIyNDQxNDQzMl5BMl5BanBnXkFtZTgwMzA3MjI0NTE@._V1_UY317_CR44,0,214,317_AL_.jpg');
INSERT INTO film_actors (id_film, actor_name, role)   VALUES ('156'::INT,'Kristin Miller White','Horse Owner');
INSERT INTO actors (name, url_photo)  VALUES ('Alana Madill','');
INSERT INTO film_actors (id_film, actor_name, role)   VALUES ('156'::INT,'Alana Madill','Prostitute');
INSERT INTO film_genres (id_film, genre)   VALUES ('156'::INT,'Drama');
INSERT INTO films (film_title, poster, duration, trailer, metascore, rating, year, plot, director) VALUES ('The Overnight','
            http://ia.media-imdb.com/images/M/MV5BMTQ0MjQ3MTY3OF5BMl5BanBnXkFtZTgwMjg2MjQ5NTE@._V1_SX214_AL_.jpg
        ','79'::SMALLINT,'http://LucaIlFigo.com/watch/','68'::SMALLINT,'7.0'::DECIMAL(2,1),'2015'::SMALLINT,'Alex, Emily, and their son, RJ, are new to Los Angeles. A chance meeting at the park introduces them to
            the mysterious Kurt, Charlotte, and Max. A family "playdate" becomes increasingly interesting as the night
            goes on.
        ','Patrick Brice');
INSERT INTO actors (name, url_photo)  VALUES ('Adam Scott','
                    http://ia.media-imdb.com/images/M/MV5BMTQxMjMzMDA5NF5BMl5BanBnXkFtZTcwMzcyNDY0NQ@@._V1_UY317_CR44,0,214,317_AL_.jpg');
INSERT INTO film_actors (id_film, actor_name, role)   VALUES ('157'::INT,'Adam Scott','Alex');
INSERT INTO actors (name, url_photo)  VALUES ('Taylor Schilling','
                    http://ia.media-imdb.com/images/M/MV5BMjE0ODIxNTczOF5BMl5BanBnXkFtZTcwMjE4Njg2Nw@@._V1_UY317_CR44,0,214,317_AL_.jpg');
INSERT INTO film_actors (id_film, actor_name, role)   VALUES ('157'::INT,'Taylor Schilling','Emily');
INSERT INTO actors (name, url_photo)  VALUES ('R.J. Hermes','');
INSERT INTO film_actors (id_film, actor_name, role)   VALUES ('157'::INT,'R.J. Hermes','RJ');
INSERT INTO actors (name, url_photo)  VALUES ('Kyle Field','');
INSERT INTO film_actors (id_film, actor_name, role)   VALUES ('157'::INT,'Kyle Field','Wade');
INSERT INTO actors (name, url_photo)  VALUES ('Sarah DeVincentis','');
INSERT INTO film_actors (id_film, actor_name, role)   VALUES ('157'::INT,'Sarah DeVincentis','Dawn');
INSERT INTO actors (name, url_photo)  VALUES ('Sophia Alison','');
INSERT INTO film_actors (id_film, actor_name, role)   VALUES ('157'::INT,'Sophia Alison','Birthday Party Guest #1');
INSERT INTO actors (name, url_photo)  VALUES ('Ally Anderson','');
INSERT INTO film_actors (id_film, actor_name, role)   VALUES ('157'::INT,'Ally Anderson','Birthday Party Guest #2');
INSERT INTO actors (name, url_photo)  VALUES ('Nancy Dillon','');
INSERT INTO film_actors (id_film, actor_name, role)   VALUES ('157'::INT,'Nancy Dillon','Birthday Party Guest #3');
INSERT INTO actors (name, url_photo)  VALUES ('Avalon Economon','');
INSERT INTO film_actors (id_film, actor_name, role)   VALUES ('157'::INT,'Avalon Economon','Birthday Party Guest #4');
INSERT INTO actors (name, url_photo)  VALUES ('Abbie Gill','');
INSERT INTO film_actors (id_film, actor_name, role)   VALUES ('157'::INT,'Abbie Gill','Birthday Party Guest #5');
INSERT INTO actors (name, url_photo)  VALUES ('Gail Honeystein','');
INSERT INTO film_actors (id_film, actor_name, role)   VALUES ('157'::INT,'Gail Honeystein','Birthday Party Guest #6');
INSERT INTO actors (name, url_photo)  VALUES ('Bit Kernodle','');
INSERT INTO film_actors (id_film, actor_name, role)   VALUES ('157'::INT,'Bit Kernodle','Birthday Party Guest #7');
INSERT INTO actors (name, url_photo)  VALUES ('Bianca Rodriguez','');
INSERT INTO film_actors (id_film, actor_name, role)   VALUES ('157'::INT,'Bianca Rodriguez','Birthday Party Guest #8');
INSERT INTO actors (name, url_photo)  VALUES ('Frankie Scott','');
INSERT INTO film_actors (id_film, actor_name, role)   VALUES ('157'::INT,'Frankie Scott','Birthday Party Guest #9');
INSERT INTO actors (name, url_photo)  VALUES ('Asya Vartanian','');
INSERT INTO film_actors (id_film, actor_name, role)   VALUES ('157'::INT,'Asya Vartanian','Birthday Party Guest #10');
INSERT INTO film_genres (id_film, genre)   VALUES ('157'::INT,'Comedy');
INSERT INTO films (film_title, poster, duration, trailer, metascore, rating, year, plot, director) VALUES ('Jurassic World','
            http://ia.media-imdb.com/images/M/MV5BMTQ5MTE0MTk3Nl5BMl5BanBnXkFtZTgwMjczMzk2NTE@._V1_SX214_AL_.jpg
        ','124'::SMALLINT,'http://LucaIlFigo.com/watch/','59'::SMALLINT,'7.6'::DECIMAL(2,1),'2015'::SMALLINT,'22 years after the original Jurassic Park failed, the new park (also known as Jurassic World) is open for
            business. After years of studying genetics the scientists on the park genetically engineer a new breed of
            dinosaur. When everything goes horribly wrong, will our heroes make it off the island?
        ','Colin Trevorrow');
INSERT INTO actors (name, url_photo)  VALUES ('Chris Pratt','
                    http://ia.media-imdb.com/images/M/MV5BNzg3MTgwOTgzMV5BMl5BanBnXkFtZTgwODIxMTUwMjE@._V1_UY317_CR44,0,214,317_AL_.jpg');
INSERT INTO film_actors (id_film, actor_name, role)   VALUES ('158'::INT,'Chris Pratt','Owen');
INSERT INTO actors (name, url_photo)  VALUES ('Bryce Dallas Howard','
                    http://ia.media-imdb.com/images/M/MV5BMzkxMjMyMjI3OF5BMl5BanBnXkFtZTcwNjI0ODIwNQ@@._V1_UY317_CR44,0,214,317_AL_.jpg');
INSERT INTO film_actors (id_film, actor_name, role)   VALUES ('158'::INT,'Bryce Dallas Howard','Claire');
INSERT INTO actors (name, url_photo)  VALUES ('Nick Robinson','
                    http://ia.media-imdb.com/images/M/MV5BMTQzNDAzNDYxMF5BMl5BanBnXkFtZTgwNzQyNzQzNTE@._V1_UY317_CR44,0,214,317_AL_.jpg');
INSERT INTO film_actors (id_film, actor_name, role)   VALUES ('158'::INT,'Nick Robinson','Zach');
INSERT INTO actors (name, url_photo)  VALUES ('Vincent D''Onofrio','
                    http://ia.media-imdb.com/images/M/MV5BMTk0NTE2MDkzNF5BMl5BanBnXkFtZTYwODUzMjcz._V1_UY317_CR44,0,214,317_AL_.jpg');
INSERT INTO film_actors (id_film, actor_name, role)   VALUES ('158'::INT,'Vincent D''Onofrio','Hoskins');
INSERT INTO actors (name, url_photo)  VALUES ('Ty Simpkins','
                    http://ia.media-imdb.com/images/M/MV5BMjE3OTMzMDA3Nl5BMl5BanBnXkFtZTgwMTE2Mzc0NTE@._V1_UY317_CR44,0,214,317_AL_.jpg');
INSERT INTO film_actors (id_film, actor_name, role)   VALUES ('158'::INT,'Ty Simpkins','Gray');
INSERT INTO actors (name, url_photo)  VALUES ('Irrfan Khan','
                    http://ia.media-imdb.com/images/M/MV5BNDg3NDgxNzY4NF5BMl5BanBnXkFtZTcwODMxODQzMg@@._V1_UY317_CR44,0,214,317_AL_.jpg');
INSERT INTO film_actors (id_film, actor_name, role)   VALUES ('158'::INT,'Irrfan Khan','Simon Masrani');
INSERT INTO actors (name, url_photo)  VALUES ('Jake Johnson','
                    http://ia.media-imdb.com/images/M/MV5BMjExMzc5NDM0Nl5BMl5BanBnXkFtZTcwOTU3MDU3OA@@._V1_UY317_CR44,0,214,317_AL_.jpg');
INSERT INTO film_actors (id_film, actor_name, role)   VALUES ('158'::INT,'Jake Johnson','Lowery');
INSERT INTO actors (name, url_photo)  VALUES ('Omar Sy','
                    http://ia.media-imdb.com/images/M/MV5BMjI2MjE3MDQ3NV5BMl5BanBnXkFtZTcwOTY0NzU0Nw@@._V1_UY317_CR44,0,214,317_AL_.jpg');
INSERT INTO film_actors (id_film, actor_name, role)   VALUES ('158'::INT,'Omar Sy','Barry');
INSERT INTO actors (name, url_photo)  VALUES ('BD Wong','
                    http://ia.media-imdb.com/images/M/MV5BMTYxNTEyMjEyOF5BMl5BanBnXkFtZTcwNjAwNTMwNA@@._V1_UY317_CR44,0,214,317_AL_.jpg');
INSERT INTO film_actors (id_film, actor_name, role)   VALUES ('158'::INT,'BD Wong','Dr. Henry Wu');
INSERT INTO actors (name, url_photo)  VALUES ('Judy Greer','
                    http://ia.media-imdb.com/images/M/MV5BMTg5MTAyMzMzMl5BMl5BanBnXkFtZTcwMDY2Mzc2NQ@@._V1_UY317_CR44,0,214,317_AL_.jpg');
INSERT INTO film_actors (id_film, actor_name, role)   VALUES ('158'::INT,'Judy Greer','Karen');
INSERT INTO actors (name, url_photo)  VALUES ('Lauren Lapkus','
                    http://ia.media-imdb.com/images/M/MV5BNjEwNTQ4MDUyNl5BMl5BanBnXkFtZTgwMDQwMzg2MjE@._V1_UY317_CR44,0,214,317_AL_.jpg');
INSERT INTO film_actors (id_film, actor_name, role)   VALUES ('158'::INT,'Lauren Lapkus','Vivian');
INSERT INTO actors (name, url_photo)  VALUES ('Brian Tee','
                    http://ia.media-imdb.com/images/M/MV5BNTg1OTYzOTc1OV5BMl5BanBnXkFtZTcwMjc5NjU3OA@@._V1_UY317_CR44,0,214,317_AL_.jpg');
INSERT INTO film_actors (id_film, actor_name, role)   VALUES ('158'::INT,'Brian Tee','Hamada');
INSERT INTO actors (name, url_photo)  VALUES ('Katie McGrath','
                    http://ia.media-imdb.com/images/M/MV5BMTcxOTc0MDgzNV5BMl5BanBnXkFtZTcwODUyNDU5Ng@@._V1_UY317_CR44,0,214,317_AL_.jpg');
INSERT INTO film_actors (id_film, actor_name, role)   VALUES ('158'::INT,'Katie McGrath','Zara');
INSERT INTO actors (name, url_photo)  VALUES ('Andy Buckley','
                    http://ia.media-imdb.com/images/M/MV5BMTg1MzEyNTM3NF5BMl5BanBnXkFtZTcwMjkxNTg3Mg@@._V1_UY317_CR44,0,214,317_AL_.jpg');
INSERT INTO film_actors (id_film, actor_name, role)   VALUES ('158'::INT,'Andy Buckley','Scott');
INSERT INTO actors (name, url_photo)  VALUES ('Eric Edelstein','
                    http://ia.media-imdb.com/images/M/MV5BNjE0MDc3ODkxN15BMl5BanBnXkFtZTcwNzE5OTY0Mg@@._V1_UY317_CR44,0,214,317_AL_.jpg');
INSERT INTO film_actors (id_film, actor_name, role)   VALUES ('158'::INT,'Eric Edelstein','Paddock Supervisor');
INSERT INTO film_genres (id_film, genre)   VALUES ('158'::INT,'Action');
INSERT INTO films (film_title, poster, duration, trailer, metascore, rating, year, plot, director) VALUES ('Spy','
            http://ia.media-imdb.com/images/M/MV5BNjI5OTQ0MDQxM15BMl5BanBnXkFtZTgwMzcwNjMyNTE@._V1_SX214_AL_.jpg
        ','120'::SMALLINT,'http://LucaIlFigo.com/watch/','75'::SMALLINT,'7.6'::DECIMAL(2,1),'2015'::SMALLINT,'Susan Cooper is an unassuming, deskbound CIA analyst, and the unsung hero behind the Agency''s most
            dangerous missions. But when her partner falls off the grid and another top agent is compromised, she
            volunteers to go deep undercover to infiltrate the world of a deadly arms dealer, and prevent a global
            crisis.
        ','Paul Feig');
INSERT INTO actors (name, url_photo)  VALUES ('Jude Law','
                    http://ia.media-imdb.com/images/M/MV5BMTMwOTg5NTQ3NV5BMl5BanBnXkFtZTcwNzM3MDAzNQ@@._V1_UY317_CR44,0,214,317_AL_.jpg');
INSERT INTO film_actors (id_film, actor_name, role)   VALUES ('159'::INT,'Jude Law','Bradley Fine');
INSERT INTO actors (name, url_photo)  VALUES ('Raad Rawi','
                    http://ia.media-imdb.com/images/M/MV5BMTkzMzM0OTYxM15BMl5BanBnXkFtZTcwNzY1NTgyNA@@._V1_UY317_CR44,0,214,317_AL_.jpg');
INSERT INTO film_actors (id_film, actor_name, role)   VALUES ('159'::INT,'Raad Rawi','Tihomir Boyanov');
INSERT INTO actors (name, url_photo)  VALUES ('Melissa McCarthy','
                    http://ia.media-imdb.com/images/M/MV5BMTIyMzU4OTE4OF5BMl5BanBnXkFtZTcwNTk2NzM2MQ@@._V1_UY317_CR44,0,214,317_AL_.jpg');
INSERT INTO film_actors (id_film, actor_name, role)   VALUES ('159'::INT,'Melissa McCarthy','Susan Cooper');
INSERT INTO actors (name, url_photo)  VALUES ('Jessica Chaffin','
                    http://ia.media-imdb.com/images/M/MV5BMTA3OTI2NzA2MjNeQTJeQWpwZ15BbWU3MDU1MjIzOTI@._V1_UY317_CR44,0,214,317_AL_.jpg');
INSERT INTO film_actors (id_film, actor_name, role)   VALUES ('159'::INT,'Jessica Chaffin','Sharon');
INSERT INTO actors (name, url_photo)  VALUES ('Miranda Hart','
                    http://ia.media-imdb.com/images/M/MV5BMzY1NzQwMDk5N15BMl5BanBnXkFtZTgwODgyNDE3NTE@._V1_UY317_CR44,0,214,317_AL_.jpg');
INSERT INTO film_actors (id_film, actor_name, role)   VALUES ('159'::INT,'Miranda Hart','Nancy B. Artingstall');
INSERT INTO actors (name, url_photo)  VALUES ('Sam Richardson','
                    http://ia.media-imdb.com/images/M/MV5BODk0Mzc2OTIzNV5BMl5BanBnXkFtZTgwNDE1OTE4MzE@._V1_UY317_CR44,0,214,317_AL_.jpg');
INSERT INTO film_actors (id_film, actor_name, role)   VALUES ('159'::INT,'Sam Richardson','John');
INSERT INTO actors (name, url_photo)  VALUES ('Katie Dippold','
                    http://ia.media-imdb.com/images/M/MV5BNDY5MzE3NTkyOV5BMl5BanBnXkFtZTgwNTgyMTI3MTE@._V1_UY317_CR44,0,214,317_AL_.jpg');
INSERT INTO film_actors (id_film, actor_name, role)   VALUES ('159'::INT,'Katie Dippold','Katherine');
INSERT INTO actors (name, url_photo)  VALUES ('Jaime Pacheco','');
INSERT INTO film_actors (id_film, actor_name, role)   VALUES ('159'::INT,'Jaime Pacheco','Jaime the Gardener');
INSERT INTO actors (name, url_photo)  VALUES ('Romain Apelbaum','');
INSERT INTO film_actors (id_film, actor_name, role)   VALUES ('159'::INT,'Romain Apelbaum','DC the French Waiter');
INSERT INTO actors (name, url_photo)  VALUES ('Rose Byrne','
                    http://ia.media-imdb.com/images/M/MV5BMTY4OTMxMDkwNV5BMl5BanBnXkFtZTcwOTQxOTg3NQ@@._V1_UY317_CR44,0,214,317_AL_.jpg');
INSERT INTO film_actors (id_film, actor_name, role)   VALUES ('159'::INT,'Rose Byrne','Rayna Boyanov');
INSERT INTO actors (name, url_photo)  VALUES ('Richard Brake','
                    http://ia.media-imdb.com/images/M/MV5BMTU3NzQ0NDcwOF5BMl5BanBnXkFtZTcwNTM3ODAwMw@@._V1_UY317_CR44,0,214,317_AL_.jpg');
INSERT INTO film_actors (id_film, actor_name, role)   VALUES ('159'::INT,'Richard Brake','Solsa Dudaev');
INSERT INTO actors (name, url_photo)  VALUES ('Steve Bannos','
                    http://ia.media-imdb.com/images/M/MV5BMTc0MzI1NjA2OF5BMl5BanBnXkFtZTgwNDYxMDc3MDE@._V1_UY317_CR44,0,214,317_AL_.jpg');
INSERT INTO film_actors (id_film, actor_name, role)   VALUES ('159'::INT,'Steve Bannos','Alan the Bartender');
INSERT INTO actors (name, url_photo)  VALUES ('Morena Baccarin','
                    http://ia.media-imdb.com/images/M/MV5BMTQ1ODE5OTE2Nl5BMl5BanBnXkFtZTcwMjU2ODQ1OA@@._V1_UY317_CR44,0,214,317_AL_.jpg');
INSERT INTO film_actors (id_film, actor_name, role)   VALUES ('159'::INT,'Morena Baccarin','Karen Walker');
INSERT INTO actors (name, url_photo)  VALUES ('Jason Statham','
                    http://ia.media-imdb.com/images/M/MV5BMTkxMzk2MDkwOV5BMl5BanBnXkFtZTcwMDAxODQwMg@@._V1_UY317_CR44,0,214,317_AL_.jpg');
INSERT INTO film_actors (id_film, actor_name, role)   VALUES ('159'::INT,'Jason Statham','Rick Ford');
INSERT INTO actors (name, url_photo)  VALUES ('Carlos Ponce','
                    http://ia.media-imdb.com/images/M/MV5BODY5MzI3MDYyOV5BMl5BanBnXkFtZTgwODQ5NjQzMTE@._V1_UY317_CR44,0,214,317_AL_.jpg');
INSERT INTO film_actors (id_film, actor_name, role)   VALUES ('159'::INT,'Carlos Ponce','Matthew Wright');
INSERT INTO film_genres (id_film, genre)   VALUES ('159'::INT,'Action');
INSERT INTO films (film_title, poster, duration, trailer, metascore, rating, year, plot, director) VALUES ('Felt','http://ia.media-imdb.com/images/M/MV5BMjE5MzI1Njc5M15BMl5BanBnXkFtZTgwMzQwMzg4NTE@._V1_SY317_CR1,0,214,317_AL_.jpg','80'::SMALLINT,'http://LucaIlFigo.com/watch/','-1'::SMALLINT,'5.0'::DECIMAL(2,1),'2014'::SMALLINT,'Amy is hanging on by a thread. Struggling to cope with past sexual trauma and the daily aggressions of a male-dominated society, she creates grotesquely costumed alter egos that re-appropriate the male form. While giving her the sense of power she craves, acting as these characters pushes her further into a world of her own making. When she begins a new relationship with a seemingly good guy, she opens herself up to him - but that vulnerability comes at a dangerous cost, and her alter egos threaten to lash out in explosive violence. Based on the real experiences and art of co-writer/star Amy Everson, Felt doesn''t just point a finger at rape culture; it takes a full on swing at it, creating a feminist psychological thriller that audiences will be hard-pressed to shake off.','Jason Banker');
INSERT INTO actors (name, url_photo)  VALUES ('Amy Everson','http://ia.media-imdb.com/images/M/MV5BMTkxNDI0MjY1NF5BMl5BanBnXkFtZTgwMTAzMjAwMzE@._V1_UY317_CR44,0,214,317_AL_.jpg');
INSERT INTO film_actors (id_film, actor_name, role)   VALUES ('160'::INT,'Amy Everson','Amy');
INSERT INTO actors (name, url_photo)  VALUES ('Kentucker Audley','http://ia.media-imdb.com/images/M/MV5BODE2MDcxMDQ2OF5BMl5BanBnXkFtZTcwNzE3MDk2OA@@._V1_UY317_CR44,0,214,317_AL_.jpg');
INSERT INTO film_actors (id_film, actor_name, role)   VALUES ('160'::INT,'Kentucker Audley','Kenny');
INSERT INTO actors (name, url_photo)  VALUES ('Ryan Creighton','http://ia.media-imdb.com/images/M/MV5BMTc0OTk2NTEwNV5BMl5BanBnXkFtZTgwMzM1NzM4MTE@._V1_UY317_CR44,0,214,317_AL_.jpg');
INSERT INTO film_actors (id_film, actor_name, role)   VALUES ('160'::INT,'Ryan Creighton','Ryan');
INSERT INTO actors (name, url_photo)  VALUES ('Elisabeth Ferrara','http://ia.media-imdb.com/images/M/MV5BMjE5NjA4OTc1M15BMl5BanBnXkFtZTgwMTkyNjU2MzE@._V1_UY317_CR44,0,214,317_AL_.jpg');
INSERT INTO film_actors (id_film, actor_name, role)   VALUES ('160'::INT,'Elisabeth Ferrara','Elizabeth');
INSERT INTO actors (name, url_photo)  VALUES ('Roxanne Lauren Knouse','');
INSERT INTO film_actors (id_film, actor_name, role)   VALUES ('160'::INT,'Roxanne Lauren Knouse','Roxanne');
INSERT INTO actors (name, url_photo)  VALUES ('Merkley','');
INSERT INTO film_actors (id_film, actor_name, role)   VALUES ('160'::INT,'Merkley','Photographer');
INSERT INTO actors (name, url_photo)  VALUES ('Brendan Miller','http://ia.media-imdb.com/images/M/MV5BMTg0NDgzNDI3M15BMl5BanBnXkFtZTgwMDkzMDk0MDE@._V1_UY317_CR44,0,214,317_AL_.jpg');
INSERT INTO film_actors (id_film, actor_name, role)   VALUES ('160'::INT,'Brendan Miller','Brendan');
INSERT INTO actors (name, url_photo)  VALUES ('Alanna Reynolds','');
INSERT INTO film_actors (id_film, actor_name, role)   VALUES ('160'::INT,'Alanna Reynolds','Alanna');
INSERT INTO actors (name, url_photo)  VALUES ('Tony Ruiz','');
INSERT INTO film_actors (id_film, actor_name, role)   VALUES ('160'::INT,'Tony Ruiz','Tony');
INSERT INTO actors (name, url_photo)  VALUES ('Mark Skubala','');
INSERT INTO film_actors (id_film, actor_name, role)   VALUES ('160'::INT,'Mark Skubala','Mark');
INSERT INTO actors (name, url_photo)  VALUES ('Brandileigha Stracner','');
INSERT INTO film_actors (id_film, actor_name, role)   VALUES ('160'::INT,'Brandileigha Stracner','BL');
INSERT INTO film_genres (id_film, genre)   VALUES ('160'::INT,'Horror');
INSERT INTO films (film_title, poster, duration, trailer, metascore, rating, year, plot, director) VALUES ('Ted 2','
            http://ia.media-imdb.com/images/M/MV5BMjEwMDg3MDk1NF5BMl5BanBnXkFtZTgwNjYyODA1NTE@._V1_SX214_AL_.jpg
        ','108'::SMALLINT,'http://LucaIlFigo.com/watch/','-1'::SMALLINT,'-1.0'::DECIMAL(2,1),'2015'::SMALLINT,'Newlywed couple Ted and Tami-Lynn want to have a baby, but in order to qualify to be a parent, Ted will
            have to prove he''s a person in a court of law.
        ','Seth MacFarlane');
INSERT INTO actors (name, url_photo)  VALUES ('Liam Neeson','
                    http://ia.media-imdb.com/images/M/MV5BMjA1MTQ3NzU1MV5BMl5BanBnXkFtZTgwMDE3Mjg0MzE@._V1_UY317_CR44,0,214,317_AL_.jpg');
INSERT INTO film_actors (id_film, actor_name, role)   VALUES ('161'::INT,'Liam Neeson','');
INSERT INTO actors (name, url_photo)  VALUES ('Mark Wahlberg','
                    http://ia.media-imdb.com/images/M/MV5BMjE1MjYwNTE2M15BMl5BanBnXkFtZTYwNTI0NjI1._V1_UY317_CR44,0,214,317_AL_.jpg');
INSERT INTO film_actors (id_film, actor_name, role)   VALUES ('161'::INT,'Mark Wahlberg','John Bennett');
INSERT INTO actors (name, url_photo)  VALUES ('Amanda Seyfried','
                    http://ia.media-imdb.com/images/M/MV5BMjUyODkwODUyMF5BMl5BanBnXkFtZTcwMzU3MjYxMw@@._V1_UY317_CR44,0,214,317_AL_.jpg');
INSERT INTO film_actors (id_film, actor_name, role)   VALUES ('161'::INT,'Amanda Seyfried','Samantha Jackson');
INSERT INTO actors (name, url_photo)  VALUES ('Morgan Freeman','
                    http://ia.media-imdb.com/images/M/MV5BMTc0MDMyMzI2OF5BMl5BanBnXkFtZTcwMzM2OTk1MQ@@._V1_UY317_CR44,0,214,317_AL_.jpg');
INSERT INTO film_actors (id_film, actor_name, role)   VALUES ('161'::INT,'Morgan Freeman','');
INSERT INTO actors (name, url_photo)  VALUES ('Seth MacFarlane','
                    http://ia.media-imdb.com/images/M/MV5BMTgyNDk3OTI2NF5BMl5BanBnXkFtZTcwMDA4NjU5OA@@._V1_UY317_CR44,0,214,317_AL_.jpg');
INSERT INTO film_actors (id_film, actor_name, role)   VALUES ('161'::INT,'Seth MacFarlane','Ted');
INSERT INTO actors (name, url_photo)  VALUES ('Patrick Warburton','
                    http://ia.media-imdb.com/images/M/MV5BMTgyNzc5OTExN15BMl5BanBnXkFtZTcwOTU0MzYwNw@@._V1_UY317_CR44,0,214,317_AL_.jpg');
INSERT INTO film_actors (id_film, actor_name, role)   VALUES ('161'::INT,'Patrick Warburton','Guy');
INSERT INTO actors (name, url_photo)  VALUES ('Lexi Atkins','
                    http://ia.media-imdb.com/images/M/MV5BMjEzNDAzODA3OF5BMl5BanBnXkFtZTgwMDEzOTIwMjE@._V1_UY317_CR44,0,214,317_AL_.jpg');
INSERT INTO film_actors (id_film, actor_name, role)   VALUES ('161'::INT,'Lexi Atkins','Waitress');
INSERT INTO actors (name, url_photo)  VALUES ('Jessica Barth','
                    http://ia.media-imdb.com/images/M/MV5BMjE3MzQyMzc3MV5BMl5BanBnXkFtZTgwMzU1Mzc5MDE@._V1_UY317_CR44,0,214,317_AL_.jpg');
INSERT INTO film_actors (id_film, actor_name, role)   VALUES ('161'::INT,'Jessica Barth','Tami-Lynn');
INSERT INTO actors (name, url_photo)  VALUES ('Dennis Haysbert','
                    http://ia.media-imdb.com/images/M/MV5BMjExMDk3ODYzN15BMl5BanBnXkFtZTgwNTMwMTUwMDE@._V1_UY317_CR44,0,214,317_AL_.jpg');
INSERT INTO film_actors (id_film, actor_name, role)   VALUES ('161'::INT,'Dennis Haysbert','');
INSERT INTO actors (name, url_photo)  VALUES ('Richard Schiff','
                    http://ia.media-imdb.com/images/M/MV5BMTM0MDE5MzIwNF5BMl5BanBnXkFtZTYwNjgzMDI0._V1_UY317_CR44,0,214,317_AL_.jpg');
INSERT INTO film_actors (id_film, actor_name, role)   VALUES ('161'::INT,'Richard Schiff','Steve');
INSERT INTO actors (name, url_photo)  VALUES ('Michael Dorn','
                    http://ia.media-imdb.com/images/M/MV5BMTgzNTAyODI5NF5BMl5BanBnXkFtZTcwMzc4NDcwNA@@._V1_UY317_CR44,0,214,317_AL_.jpg');
INSERT INTO film_actors (id_film, actor_name, role)   VALUES ('161'::INT,'Michael Dorn','Rick');
INSERT INTO actors (name, url_photo)  VALUES ('Anita Soto','
                    http://ia.media-imdb.com/images/M/MV5BMTg1OTg1NDQyM15BMl5BanBnXkFtZTgwMDkyOTM0MDE@._V1_UY317_CR44,0,214,317_AL_.jpg');
INSERT INTO film_actors (id_film, actor_name, role)   VALUES ('161'::INT,'Anita Soto','Supergirl');
INSERT INTO actors (name, url_photo)  VALUES ('Nana Visitor','
                    http://ia.media-imdb.com/images/M/MV5BMTQyNTM4MzMwNl5BMl5BanBnXkFtZTgwMzQ2MjMyMjE@._V1_UY317_CR44,0,214,317_AL_.jpg');
INSERT INTO film_actors (id_film, actor_name, role)   VALUES ('161'::INT,'Nana Visitor','Adoption Agent');
INSERT INTO actors (name, url_photo)  VALUES ('Sam J. Jones','
                    http://ia.media-imdb.com/images/M/MV5BMTUzNDA1MzE3M15BMl5BanBnXkFtZTcwMTQ2NjczNA@@._V1_UY317_CR44,0,214,317_AL_.jpg');
INSERT INTO film_actors (id_film, actor_name, role)   VALUES ('161'::INT,'Sam J. Jones','Sam Jones');
INSERT INTO actors (name, url_photo)  VALUES ('Martin Klebba','
                    http://ia.media-imdb.com/images/M/MV5BMTUyNzE5MzE2Nl5BMl5BanBnXkFyZXN1bWU@._V1_UY317_CR44,0,214,317_AL_.jpg');
INSERT INTO film_actors (id_film, actor_name, role)   VALUES ('161'::INT,'Martin Klebba','Chucky');
INSERT INTO film_genres (id_film, genre)   VALUES ('161'::INT,'Comedy');
INSERT INTO films (film_title, poster, duration, trailer, metascore, rating, year, plot, director) VALUES ('The Tribe','
            http://ia.media-imdb.com/images/M/MV5BMzYxMTI5MTgxN15BMl5BanBnXkFtZTgwMDM5NzAwNjE@._V1_SY317_CR2,0,214,317_AL_.jpg
        ','132'::SMALLINT,'http://LucaIlFigo.com/watch/','83'::SMALLINT,'7.4'::DECIMAL(2,1),'2014'::SMALLINT,'A deaf teenager enters a specialized boarding school where, to survive, he becomes part of a wild
            organization - the tribe. His love for one of the concubines will unwillingly lead him to break all the
            unwritten rules within the Tribe''s hierarchy.
        ','Miroslav Slaboshpitsky');
INSERT INTO actors (name, url_photo)  VALUES ('Grigoriy Fesenko','');
INSERT INTO film_actors (id_film, actor_name, role)   VALUES ('162'::INT,'Grigoriy Fesenko','');
INSERT INTO actors (name, url_photo)  VALUES ('Yana Novikova','');
INSERT INTO film_actors (id_film, actor_name, role)   VALUES ('162'::INT,'Yana Novikova','');
INSERT INTO actors (name, url_photo)  VALUES ('Rosa Babiy','');
INSERT INTO film_actors (id_film, actor_name, role)   VALUES ('162'::INT,'Rosa Babiy','');
INSERT INTO actors (name, url_photo)  VALUES ('Alexander Dsiadevich','');
INSERT INTO film_actors (id_film, actor_name, role)   VALUES ('162'::INT,'Alexander Dsiadevich','');
INSERT INTO actors (name, url_photo)  VALUES ('Yaroslav Biletskiy','');
INSERT INTO film_actors (id_film, actor_name, role)   VALUES ('162'::INT,'Yaroslav Biletskiy','');
INSERT INTO actors (name, url_photo)  VALUES ('Ivan Tishko','');
INSERT INTO film_actors (id_film, actor_name, role)   VALUES ('162'::INT,'Ivan Tishko','');
INSERT INTO actors (name, url_photo)  VALUES ('Alexander Osadchiy','');
INSERT INTO film_actors (id_film, actor_name, role)   VALUES ('162'::INT,'Alexander Osadchiy','');
INSERT INTO actors (name, url_photo)  VALUES ('Alexander Sidelnikov','');
INSERT INTO film_actors (id_film, actor_name, role)   VALUES ('162'::INT,'Alexander Sidelnikov','');
INSERT INTO actors (name, url_photo)  VALUES ('Alexander Panivan','');
INSERT INTO film_actors (id_film, actor_name, role)   VALUES ('162'::INT,'Alexander Panivan','');
INSERT INTO film_genres (id_film, genre)   VALUES ('162'::INT,'Crime');
INSERT INTO films (film_title, poster, duration, trailer, metascore, rating, year, plot, director) VALUES ('Tomorrowland','
            http://ia.media-imdb.com/images/M/MV5BMTQ4OTgzNTkwNF5BMl5BanBnXkFtZTgwMzI3MDE3NDE@._V1_SX214_AL_.jpg
        ','130'::SMALLINT,'http://LucaIlFigo.com/watch/','60'::SMALLINT,'6.7'::DECIMAL(2,1),'2015'::SMALLINT,'Bound by a shared destiny, a bright, optimistic teen bursting with scientific curiosity and a former
            boy-genius inventor jaded by disillusionment embark on a danger-filled mission to unearth the secrets of an
            enigmatic place somewhere in time and space that exists in their collective memory as "Tomorrowland."
        ','Brad Bird');
INSERT INTO actors (name, url_photo)  VALUES ('George Clooney','
                    http://ia.media-imdb.com/images/M/MV5BMjEyMTEyOTQ0MV5BMl5BanBnXkFtZTcwNzU3NTMzNw@@._V1_UY317_CR44,0,214,317_AL_.jpg');
INSERT INTO film_actors (id_film, actor_name, role)   VALUES ('163'::INT,'George Clooney','Frank Walker');
INSERT INTO actors (name, url_photo)  VALUES ('Hugh Laurie','
                    http://ia.media-imdb.com/images/M/MV5BNDYzNjAzMTYwOF5BMl5BanBnXkFtZTcwMTc3NTcxOA@@._V1_UY317_CR44,0,214,317_AL_.jpg');
INSERT INTO film_actors (id_film, actor_name, role)   VALUES ('163'::INT,'Hugh Laurie','Nix');
INSERT INTO actors (name, url_photo)  VALUES ('Britt Robertson','
                    http://ia.media-imdb.com/images/M/MV5BODQ2OTUxNjY4NV5BMl5BanBnXkFtZTgwMTI4MzY0NTE@._V1_UY317_CR44,0,214,317_AL_.jpg');
INSERT INTO film_actors (id_film, actor_name, role)   VALUES ('163'::INT,'Britt Robertson','Casey Newton');
INSERT INTO actors (name, url_photo)  VALUES ('Raffey Cassidy','
                    http://ia.media-imdb.com/images/M/MV5BNTg4NDA1NDA4OV5BMl5BanBnXkFtZTgwODg1OTY4NTE@._V1_UY317_CR44,0,214,317_AL_.jpg');
INSERT INTO film_actors (id_film, actor_name, role)   VALUES ('163'::INT,'Raffey Cassidy','Athena');
INSERT INTO actors (name, url_photo)  VALUES ('Tim McGraw','
                    http://ia.media-imdb.com/images/M/MV5BMjcyNTkyOTY4OV5BMl5BanBnXkFtZTcwODI2NzQ5Mg@@._V1_UY317_CR44,0,214,317_AL_.jpg');
INSERT INTO film_actors (id_film, actor_name, role)   VALUES ('163'::INT,'Tim McGraw','Eddie Newton');
INSERT INTO actors (name, url_photo)  VALUES ('Kathryn Hahn','
                    http://ia.media-imdb.com/images/M/MV5BMjE1OTcxNDczMl5BMl5BanBnXkFtZTcwMDA1NDcyMQ@@._V1_UY317_CR44,0,214,317_AL_.jpg');
INSERT INTO film_actors (id_film, actor_name, role)   VALUES ('163'::INT,'Kathryn Hahn','Ursula');
INSERT INTO actors (name, url_photo)  VALUES ('Keegan-Michael Key','
                    http://ia.media-imdb.com/images/M/MV5BMjE1Mjc5MzUwOF5BMl5BanBnXkFtZTcwMzc3ODk0Mw@@._V1_UY317_CR44,0,214,317_AL_.jpg');
INSERT INTO film_actors (id_film, actor_name, role)   VALUES ('163'::INT,'Keegan-Michael Key','Hugo');
INSERT INTO actors (name, url_photo)  VALUES ('Chris Bauer','
                    http://ia.media-imdb.com/images/M/MV5BMjM5NTA3NzY0MF5BMl5BanBnXkFtZTgwNTMwNDU3NTE@._V1_UY317_CR44,0,214,317_AL_.jpg');
INSERT INTO film_actors (id_film, actor_name, role)   VALUES ('163'::INT,'Chris Bauer','Frank''s Dad');
INSERT INTO actors (name, url_photo)  VALUES ('Thomas Robinson','
                    http://ia.media-imdb.com/images/M/MV5BMTYxNTA0NjgxNl5BMl5BanBnXkFtZTcwNTAzODU3Mw@@._V1_UY317_CR44,0,214,317_AL_.jpg');
INSERT INTO film_actors (id_film, actor_name, role)   VALUES ('163'::INT,'Thomas Robinson','Young Frank Walker');
INSERT INTO actors (name, url_photo)  VALUES ('Pierce Gagnon','
                    http://ia.media-imdb.com/images/M/MV5BOTQ0ODE5OTU4N15BMl5BanBnXkFtZTgwNDkyMzEzNTE@._V1_UY317_CR44,0,214,317_AL_.jpg');
INSERT INTO film_actors (id_film, actor_name, role)   VALUES ('163'::INT,'Pierce Gagnon','Nate Newton');
INSERT INTO actors (name, url_photo)  VALUES ('Matthew MacCaull','
                    http://ia.media-imdb.com/images/M/MV5BMTY1NTE0NDg2MV5BMl5BanBnXkFtZTcwNzAzOTcwNw@@._V1_UY317_CR44,0,214,317_AL_.jpg');
INSERT INTO film_actors (id_film, actor_name, role)   VALUES ('163'::INT,'Matthew MacCaull','Dave Clark');
INSERT INTO actors (name, url_photo)  VALUES ('Judy Greer','
                    http://ia.media-imdb.com/images/M/MV5BMTg5MTAyMzMzMl5BMl5BanBnXkFtZTcwMDY2Mzc2NQ@@._V1_UY317_CR44,0,214,317_AL_.jpg');
INSERT INTO film_actors (id_film, actor_name, role)   VALUES ('163'::INT,'Judy Greer','Jenny Newton');
INSERT INTO actors (name, url_photo)  VALUES ('Matthew Kevin Anderson','
                    http://ia.media-imdb.com/images/M/MV5BMTQ4Mzg0MTAxMV5BMl5BanBnXkFtZTgwNjQwODA5MjE@._V1_UY317_CR44,0,214,317_AL_.jpg');
INSERT INTO film_actors (id_film, actor_name, role)   VALUES ('163'::INT,'Matthew Kevin Anderson','Bus Driver');
INSERT INTO actors (name, url_photo)  VALUES ('Michael Giacchino','
                    http://ia.media-imdb.com/images/M/MV5BMTUxODI4MTQxNF5BMl5BanBnXkFtZTcwNDIxMjMyMw@@._V1_UY317_CR44,0,214,317_AL_.jpg');
INSERT INTO film_actors (id_film, actor_name, role)   VALUES ('163'::INT,'Michael Giacchino','Small World Operator');
INSERT INTO actors (name, url_photo)  VALUES ('D. Harlan Cutshall','');
INSERT INTO film_actors (id_film, actor_name, role)   VALUES ('163'::INT,'D. Harlan Cutshall','Skyscraper Foreman');
INSERT INTO film_genres (id_film, genre)   VALUES ('163'::INT,'Action');
INSERT INTO films (film_title, poster, duration, trailer, metascore, rating, year, plot, director) VALUES ('Insidious: Chapitre 3','
            http://ia.media-imdb.com/images/M/MV5BMTUwNDU4NjE1N15BMl5BanBnXkFtZTgwOTc0MzA5NDE@._V1_SX214_AL_.jpg
        ','97'::SMALLINT,'http://LucaIlFigo.com/watch/','52'::SMALLINT,'6.9'::DECIMAL(2,1),'2015'::SMALLINT,'After trying to connect with her dead mother, teenager Quinn Brenner, ask physic Elise Rainier to help
            her, she refuses due to negotiate events in her childhood. Quinn starts noticing paranormal events happen in
            her house. After a vicious attack from a demon her father goes back and begs Elise Rainier to use her
            abilities to contact the other side in hope to stop these attacks by this furious demon content for a body.
        ','Leigh Whannell');
INSERT INTO actors (name, url_photo)  VALUES ('Dermot Mulroney','
                    http://ia.media-imdb.com/images/M/MV5BMzM2ODM3NTc3NF5BMl5BanBnXkFtZTYwOTYwMzM0._V1_UY317_CR44,0,214,317_AL_.jpg');
INSERT INTO film_actors (id_film, actor_name, role)   VALUES ('164'::INT,'Dermot Mulroney','Sean Brenner');
INSERT INTO actors (name, url_photo)  VALUES ('Stefanie Scott','
                    http://ia.media-imdb.com/images/M/MV5BMTUzNTI1NzUyMV5BMl5BanBnXkFtZTgwMjM5MDI5NTE@._V1_UY317_CR44,0,214,317_AL_.jpg');
INSERT INTO film_actors (id_film, actor_name, role)   VALUES ('164'::INT,'Stefanie Scott','Quinn Brenner');
INSERT INTO actors (name, url_photo)  VALUES ('Angus Sampson','
                    http://ia.media-imdb.com/images/M/MV5BMTY3NDUyOTY4MV5BMl5BanBnXkFtZTcwMDc1MzY0Mg@@._V1_UY317_CR44,0,214,317_AL_.jpg');
INSERT INTO film_actors (id_film, actor_name, role)   VALUES ('164'::INT,'Angus Sampson','Tucker');
INSERT INTO actors (name, url_photo)  VALUES ('Leigh Whannell','
                    http://ia.media-imdb.com/images/M/MV5BMTkyMzA3OTI0Ml5BMl5BanBnXkFtZTcwNDUzMTEzMQ@@._V1_UY317_CR44,0,214,317_AL_.jpg');
INSERT INTO film_actors (id_film, actor_name, role)   VALUES ('164'::INT,'Leigh Whannell','Specs');
INSERT INTO actors (name, url_photo)  VALUES ('Lin Shaye','
                    http://ia.media-imdb.com/images/M/MV5BMTYzMTkwNjg4M15BMl5BanBnXkFtZTgwNjc2NDE1MzE@._V1_UY317_CR44,0,214,317_AL_.jpg');
INSERT INTO film_actors (id_film, actor_name, role)   VALUES ('164'::INT,'Lin Shaye','Elise Rainier');
INSERT INTO actors (name, url_photo)  VALUES ('Tate Berney','
                    http://ia.media-imdb.com/images/M/MV5BNDM1MDE2OTcyM15BMl5BanBnXkFtZTgwMjQzOTIwNTE@._V1_UY317_CR44,0,214,317_AL_.jpg');
INSERT INTO film_actors (id_film, actor_name, role)   VALUES ('164'::INT,'Tate Berney','Alex Brenner');
INSERT INTO actors (name, url_photo)  VALUES ('Michael Reid MacKay','
                    http://ia.media-imdb.com/images/M/MV5BMTkyMjYzNjI1M15BMl5BanBnXkFtZTcwNzE0MDA3OQ@@._V1_UY317_CR44,0,214,317_AL_.jpg');
INSERT INTO film_actors (id_film, actor_name, role)   VALUES ('164'::INT,'Michael Reid MacKay','The Man Who Can''t Breathe');
INSERT INTO actors (name, url_photo)  VALUES ('Steve Coulter','
                    http://ia.media-imdb.com/images/M/MV5BMjM3Mzk2NjIwMF5BMl5BanBnXkFtZTgwMDA4Nzc2NTE@._V1_UY317_CR44,0,214,317_AL_.jpg');
INSERT INTO film_actors (id_film, actor_name, role)   VALUES ('164'::INT,'Steve Coulter','Carl');
INSERT INTO actors (name, url_photo)  VALUES ('Hayley Kiyoko','
                    http://ia.media-imdb.com/images/M/MV5BNjQ3Mzk0MTcyMV5BMl5BanBnXkFtZTgwNzQ5NTYwMjE@._V1_UY317_CR44,0,214,317_AL_.jpg');
INSERT INTO film_actors (id_film, actor_name, role)   VALUES ('164'::INT,'Hayley Kiyoko','Maggie');
INSERT INTO actors (name, url_photo)  VALUES ('Corbett Tuck','
                    http://ia.media-imdb.com/images/M/MV5BMTM5MDMxOTE5OF5BMl5BanBnXkFtZTcwNDY5MTIzMQ@@._V1_UY317_CR44,0,214,317_AL_.jpg');
INSERT INTO film_actors (id_film, actor_name, role)   VALUES ('164'::INT,'Corbett Tuck','Danielle');
INSERT INTO actors (name, url_photo)  VALUES ('Tom Fitzpatrick','
                    http://ia.media-imdb.com/images/M/MV5BMjE0ODE0NDkwMV5BMl5BanBnXkFtZTcwMTg1MjcyOQ@@._V1_UY317_CR44,0,214,317_AL_.jpg');
INSERT INTO film_actors (id_film, actor_name, role)   VALUES ('164'::INT,'Tom Fitzpatrick','Bride In Black');
INSERT INTO actors (name, url_photo)  VALUES ('Tom Gallop','
                    http://ia.media-imdb.com/images/M/MV5BMTg5NzE5NTI1OV5BMl5BanBnXkFtZTgwODQ1ODUxMzE@._V1_UY317_CR44,0,214,317_AL_.jpg');
INSERT INTO film_actors (id_film, actor_name, role)   VALUES ('164'::INT,'Tom Gallop','Dr. Henderson');
INSERT INTO actors (name, url_photo)  VALUES ('Jeris Poindexter','
                    http://ia.media-imdb.com/images/M/MV5BMTU4MDE1OTk0NF5BMl5BanBnXkFtZTcwNDc0MzIzMQ@@._V1_UY317_CR44,0,214,317_AL_.jpg');
INSERT INTO film_actors (id_film, actor_name, role)   VALUES ('164'::INT,'Jeris Poindexter','Harry');
INSERT INTO actors (name, url_photo)  VALUES ('Ele Keats','
                    http://ia.media-imdb.com/images/M/MV5BMzQzOTcwMDU5OF5BMl5BanBnXkFtZTcwMDMzNjIzMQ@@._V1_UY317_CR44,0,214,317_AL_.jpg');
INSERT INTO film_actors (id_film, actor_name, role)   VALUES ('164'::INT,'Ele Keats','Lillith Brenner');
INSERT INTO actors (name, url_photo)  VALUES ('Phyllis Applegate','');
INSERT INTO film_actors (id_film, actor_name, role)   VALUES ('164'::INT,'Phyllis Applegate','Grace');
INSERT INTO film_genres (id_film, genre)   VALUES ('164'::INT,'Horror');
INSERT INTO films (film_title, poster, duration, trailer, metascore, rating, year, plot, director) VALUES ('The Little Death','http://ia.media-imdb.com/images/M/MV5BMTgzOTM0OTIyMV5BMl5BanBnXkFtZTgwNzk0NDMzMjE@._V1_SY317_CR3,0,214,317_AL_.jpg','96'::SMALLINT,'http://LucaIlFigo.com/watch/','-1'::SMALLINT,'7.1'::DECIMAL(2,1),'2014'::SMALLINT,'The Little Death is a truly original comedy about sex, love, relationships and taboo. In a multi story narrative, we peer behind the closed doors of a seemingly normal suburban street. A woman with a dangerous fantasy and her partners struggle to please her. A man who begins an affair with his own wife without her knowing anything about it. A couple struggling to keep things together after a sexual experiment spins out of control. A woman who can only find pleasure in her husband''s pain. A call centre operator caught in the middle of a dirty and chaotic phone call. And the distractingly charming new neighbour who connects them all. The little Death explores why do we want what we want? How far will we go to get it? What are the consequences of that fleeting moment of sexual ecstasy?','Josh Lawson');
INSERT INTO actors (name, url_photo)  VALUES ('Bojana Novakovic','http://ia.media-imdb.com/images/M/MV5BODM0NDIzOTMyNV5BMl5BanBnXkFtZTcwMDk3MzU1OQ@@._V1_UY317_CR44,0,214,317_AL_.jpg');
INSERT INTO film_actors (id_film, actor_name, role)   VALUES ('165'::INT,'Bojana Novakovic','Maeve');
INSERT INTO actors (name, url_photo)  VALUES ('Damon Herriman','http://ia.media-imdb.com/images/M/MV5BMjUzMTQ0Mjk4Ml5BMl5BanBnXkFtZTcwMjM2NjI0OA@@._V1_UY317_CR44,0,214,317_AL_.jpg');
INSERT INTO film_actors (id_film, actor_name, role)   VALUES ('165'::INT,'Damon Herriman','Dan');
INSERT INTO actors (name, url_photo)  VALUES ('Josh Lawson','http://ia.media-imdb.com/images/M/MV5BMjIyOTE1OTU2NV5BMl5BanBnXkFtZTcwMjU5NzYzMw@@._V1_UY317_CR44,0,214,317_AL_.jpg');
INSERT INTO film_actors (id_film, actor_name, role)   VALUES ('165'::INT,'Josh Lawson','Paul');
INSERT INTO actors (name, url_photo)  VALUES ('Stephanie May','http://ia.media-imdb.com/images/M/MV5BMTUwNDk5NzI1Ml5BMl5BanBnXkFtZTcwNjkwMDQ2Nw@@._V1_UY317_CR44,0,214,317_AL_.jpg');
INSERT INTO film_actors (id_film, actor_name, role)   VALUES ('165'::INT,'Stephanie May','Mourner');
INSERT INTO actors (name, url_photo)  VALUES ('Tasneem Roc','http://ia.media-imdb.com/images/M/MV5BNzA3Mzg4MDkxMV5BMl5BanBnXkFtZTcwNzAyMjExOQ@@._V1_UY317_CR44,0,214,317_AL_.jpg');
INSERT INTO film_actors (id_film, actor_name, role)   VALUES ('165'::INT,'Tasneem Roc','Yael');
INSERT INTO actors (name, url_photo)  VALUES ('Ben Lawson','http://ia.media-imdb.com/images/M/MV5BMTM2MDY0MTI2NV5BMl5BanBnXkFtZTcwNjE5NTM0Nw@@._V1_UY317_CR44,0,214,317_AL_.jpg');
INSERT INTO film_actors (id_film, actor_name, role)   VALUES ('165'::INT,'Ben Lawson','Glenn');
INSERT INTO actors (name, url_photo)  VALUES ('Lachy Hulme','http://ia.media-imdb.com/images/M/MV5BMjE0MDA5OTk0MF5BMl5BanBnXkFtZTcwNTY4NTYzMQ@@._V1_UY317_CR44,0,214,317_AL_.jpg');
INSERT INTO film_actors (id_film, actor_name, role)   VALUES ('165'::INT,'Lachy Hulme','Kim');
INSERT INTO actors (name, url_photo)  VALUES ('Erin James','http://ia.media-imdb.com/images/M/MV5BMjExOTM4MzI2Ml5BMl5BanBnXkFtZTgwNzk5ODMwMDE@._V1_UY317_CR44,0,214,317_AL_.jpg');
INSERT INTO film_actors (id_film, actor_name, role)   VALUES ('165'::INT,'Erin James','Monica');
INSERT INTO actors (name, url_photo)  VALUES ('Patrick Brammall','');
INSERT INTO film_actors (id_film, actor_name, role)   VALUES ('165'::INT,'Patrick Brammall','Richard');
INSERT INTO actors (name, url_photo)  VALUES ('Hiroshi Kasuga','http://ia.media-imdb.com/images/M/MV5BMzU2MTM0ODA0M15BMl5BanBnXkFtZTgwMTE0MTU0NTE@._V1_UY317_CR44,0,214,317_AL_.jpg');
INSERT INTO film_actors (id_film, actor_name, role)   VALUES ('165'::INT,'Hiroshi Kasuga','A Member of Board of Directors');
INSERT INTO actors (name, url_photo)  VALUES ('Lisa McCune','http://ia.media-imdb.com/images/M/MV5BMjk1NTIyMDE5MV5BMl5BanBnXkFtZTcwODkyMTMxOA@@._V1_UY317_CR44,0,214,317_AL_.jpg');
INSERT INTO film_actors (id_film, actor_name, role)   VALUES ('165'::INT,'Lisa McCune','Maureen');
INSERT INTO actors (name, url_photo)  VALUES ('Kate Box','http://ia.media-imdb.com/images/M/MV5BMTk2OTQzOTIxOF5BMl5BanBnXkFtZTgwNTY0MTIzMDE@._V1_UY317_CR44,0,214,317_AL_.jpg');
INSERT INTO film_actors (id_film, actor_name, role)   VALUES ('165'::INT,'Kate Box','Rowena');
INSERT INTO actors (name, url_photo)  VALUES ('Kate Mulvany','http://ia.media-imdb.com/images/M/MV5BNjEyODYzODQ3MV5BMl5BanBnXkFtZTcwMzc3NjE0OQ@@._V1_UY317_CR44,0,214,317_AL_.jpg');
INSERT INTO film_actors (id_film, actor_name, role)   VALUES ('165'::INT,'Kate Mulvany','Evie');
INSERT INTO actors (name, url_photo)  VALUES ('T.J. Power','http://ia.media-imdb.com/images/M/MV5BMjIxOTcwNjMyOF5BMl5BanBnXkFtZTgwNDEzNDQ0MTE@._V1_UY317_CR44,0,214,317_AL_.jpg');
INSERT INTO film_actors (id_film, actor_name, role)   VALUES ('165'::INT,'T.J. Power','Sam');
INSERT INTO actors (name, url_photo)  VALUES ('Zoe Carides','');
INSERT INTO film_actors (id_film, actor_name, role)   VALUES ('165'::INT,'Zoe Carides','Doctor Barnes');
INSERT INTO film_genres (id_film, genre)   VALUES ('165'::INT,'Comedy');
INSERT INTO films (film_title, poster, duration, trailer, metascore, rating, year, plot, director) VALUES ('San Andreas','
            http://ia.media-imdb.com/images/M/MV5BNjI4MTgyOTAxOV5BMl5BanBnXkFtZTgwMjQwOTA4NTE@._V1_SX214_AL_.jpg
        ','114'::SMALLINT,'http://LucaIlFigo.com/watch/','43'::SMALLINT,'6.6'::DECIMAL(2,1),'2015'::SMALLINT,'In the aftermath of a massive earthquake in California, a rescue-chopper pilot makes a dangerous journey
            across the state in order to rescue his daughter.
        ','Brad Peyton');
INSERT INTO actors (name, url_photo)  VALUES ('Dwayne Johnson','
                    http://ia.media-imdb.com/images/M/MV5BMTkyNDQ3NzAxM15BMl5BanBnXkFtZTgwODIwMTQ0NTE@._V1_UY317_CR44,0,214,317_AL_.jpg');
INSERT INTO film_actors (id_film, actor_name, role)   VALUES ('166'::INT,'Dwayne Johnson','Ray');
INSERT INTO actors (name, url_photo)  VALUES ('Carla Gugino','
                    http://ia.media-imdb.com/images/M/MV5BMTc3Njc2NDIzN15BMl5BanBnXkFtZTcwOTUzODk2Mw@@._V1_UY317_CR44,0,214,317_AL_.jpg');
INSERT INTO film_actors (id_film, actor_name, role)   VALUES ('166'::INT,'Carla Gugino','Emma');
INSERT INTO actors (name, url_photo)  VALUES ('Alexandra Daddario','
                    http://ia.media-imdb.com/images/M/MV5BMTM4MTU0Nzg1N15BMl5BanBnXkFtZTcwODI2ODgzOQ@@._V1_UY317_CR44,0,214,317_AL_.jpg');
INSERT INTO film_actors (id_film, actor_name, role)   VALUES ('166'::INT,'Alexandra Daddario','Blake');
INSERT INTO actors (name, url_photo)  VALUES ('Ioan Gruffudd','
                    http://ia.media-imdb.com/images/M/MV5BMTY3MjI1MTMzMF5BMl5BanBnXkFtZTYwNDY4MTY1._V1_UY317_CR44,0,214,317_AL_.jpg');
INSERT INTO film_actors (id_film, actor_name, role)   VALUES ('166'::INT,'Ioan Gruffudd','Daniel Riddick');
INSERT INTO actors (name, url_photo)  VALUES ('Archie Panjabi','
                    http://ia.media-imdb.com/images/M/MV5BMTg4MjY1MDA2NF5BMl5BanBnXkFtZTcwNTU4MTc1OQ@@._V1_UY317_CR44,0,214,317_AL_.jpg');
INSERT INTO film_actors (id_film, actor_name, role)   VALUES ('166'::INT,'Archie Panjabi','Serena');
INSERT INTO actors (name, url_photo)  VALUES ('Paul Giamatti','
                    http://ia.media-imdb.com/images/M/MV5BOTc0MDAzMTU4N15BMl5BanBnXkFtZTcwNzA0NzcwNA@@._V1_UY317_CR44,0,214,317_AL_.jpg');
INSERT INTO film_actors (id_film, actor_name, role)   VALUES ('166'::INT,'Paul Giamatti','Lawrence');
INSERT INTO actors (name, url_photo)  VALUES ('Hugo Johnstone-Burt','
                    http://ia.media-imdb.com/images/M/MV5BMTkxNzA5OTg5Nl5BMl5BanBnXkFtZTcwNDY1NDI5OQ@@._V1_UY317_CR44,0,214,317_AL_.jpg');
INSERT INTO film_actors (id_film, actor_name, role)   VALUES ('166'::INT,'Hugo Johnstone-Burt','Ben');
INSERT INTO actors (name, url_photo)  VALUES ('Art Parkinson','
                    http://ia.media-imdb.com/images/M/MV5BMTg1NjA1NDY2MV5BMl5BanBnXkFtZTgwNDQxMTk5NDE@._V1_UY317_CR44,0,214,317_AL_.jpg');
INSERT INTO film_actors (id_film, actor_name, role)   VALUES ('166'::INT,'Art Parkinson','Ollie');
INSERT INTO actors (name, url_photo)  VALUES ('Will Yun Lee','
                    http://ia.media-imdb.com/images/M/MV5BMTYwMTM4NDI4OV5BMl5BanBnXkFtZTgwMDg2NjIwMTE@._V1_UY317_CR44,0,214,317_AL_.jpg');
INSERT INTO film_actors (id_film, actor_name, role)   VALUES ('166'::INT,'Will Yun Lee','Dr. Kim Park');
INSERT INTO actors (name, url_photo)  VALUES ('Kylie Minogue','
                    http://ia.media-imdb.com/images/M/MV5BMTQwMDIxMTM4M15BMl5BanBnXkFtZTcwMTkzMDU2MQ@@._V1_UY317_CR44,0,214,317_AL_.jpg');
INSERT INTO film_actors (id_film, actor_name, role)   VALUES ('166'::INT,'Kylie Minogue','Susan Riddick');
INSERT INTO actors (name, url_photo)  VALUES ('Colton Haynes','
                    http://ia.media-imdb.com/images/M/MV5BMjA4NDU4MDcyMV5BMl5BanBnXkFtZTcwMTQzNTc5OA@@._V1_UY317_CR44,0,214,317_AL_.jpg');
INSERT INTO film_actors (id_film, actor_name, role)   VALUES ('166'::INT,'Colton Haynes','Joby');
INSERT INTO actors (name, url_photo)  VALUES ('Todd Williams','
                    http://ia.media-imdb.com/images/M/MV5BNzYyODIyNjM0NF5BMl5BanBnXkFtZTcwODUwOTE1OQ@@._V1_UY317_CR44,0,214,317_AL_.jpg');
INSERT INTO film_actors (id_film, actor_name, role)   VALUES ('166'::INT,'Todd Williams','Marcus');
INSERT INTO actors (name, url_photo)  VALUES ('Matt Gerald','
                    http://ia.media-imdb.com/images/M/MV5BNjUzNDY3OTU3MF5BMl5BanBnXkFtZTgwMzUzODE3NDE@._V1_UY317_CR44,0,214,317_AL_.jpg');
INSERT INTO film_actors (id_film, actor_name, role)   VALUES ('166'::INT,'Matt Gerald','Harrison');
INSERT INTO actors (name, url_photo)  VALUES ('Alec Utgoff','
                    http://ia.media-imdb.com/images/M/MV5BMjAzMjAwNjA2OF5BMl5BanBnXkFtZTgwMjg0NjQ1NTE@._V1_UY317_CR44,0,214,317_AL_.jpg');
INSERT INTO film_actors (id_film, actor_name, role)   VALUES ('166'::INT,'Alec Utgoff','Alexi');
INSERT INTO actors (name, url_photo)  VALUES ('Marissa Neitling','
                    http://ia.media-imdb.com/images/M/MV5BMTk5MjUyOTI1OF5BMl5BanBnXkFtZTgwMjg1NTE5MDE@._V1_UY317_CR44,0,214,317_AL_.jpg');
INSERT INTO film_actors (id_film, actor_name, role)   VALUES ('166'::INT,'Marissa Neitling','Phoebe');
INSERT INTO film_genres (id_film, genre)   VALUES ('166'::INT,'Action');
INSERT INTO films (film_title, poster, duration, trailer, metascore, rating, year, plot, director) VALUES ('Infinitely Polar Bear','
            http://ia.media-imdb.com/images/M/MV5BMjA2NzQ0Njk5MV5BMl5BanBnXkFtZTgwOTQzOTMyNTE@._V1_SX214_AL_.jpg
        ','90'::SMALLINT,'http://LucaIlFigo.com/watch/','66'::SMALLINT,'7.2'::DECIMAL(2,1),'2014'::SMALLINT,'A manic-depressive mess of a father tries to win back his wife by attempting to take full responsibility
            of their two young, spirited daughters, who don''t make the overwhelming task any easier.
        ','Maya Forbes');
INSERT INTO actors (name, url_photo)  VALUES ('Zoe Saldana','
                    http://ia.media-imdb.com/images/M/MV5BMjA4NDk1NTA1OV5BMl5BanBnXkFtZTcwMTIzMjQ4Ng@@._V1_UY317_CR44,0,214,317_AL_.jpg');
INSERT INTO film_actors (id_film, actor_name, role)   VALUES ('167'::INT,'Zoe Saldana','Maggie');
INSERT INTO actors (name, url_photo)  VALUES ('Mark Ruffalo','
                    http://ia.media-imdb.com/images/M/MV5BMTI5MjMwNjAzNF5BMl5BanBnXkFtZTcwMzkyNDg1Mw@@._V1_UY317_CR44,0,214,317_AL_.jpg');
INSERT INTO film_actors (id_film, actor_name, role)   VALUES ('167'::INT,'Mark Ruffalo','Cameron');
INSERT INTO actors (name, url_photo)  VALUES ('Keir Dullea','
                    http://ia.media-imdb.com/images/M/MV5BMTczODgxNDU1NV5BMl5BanBnXkFtZTYwMzQxOTI2._V1_UY317_CR44,0,214,317_AL_.jpg');
INSERT INTO film_actors (id_film, actor_name, role)   VALUES ('167'::INT,'Keir Dullea','Murray Stuart');
INSERT INTO actors (name, url_photo)  VALUES ('Wallace Wolodarsky','
                    http://ia.media-imdb.com/images/M/MV5BNjk3MzE5MDc3NV5BMl5BanBnXkFtZTYwNTUyMTc2._V1_UY317_CR44,0,214,317_AL_.jpg');
INSERT INTO film_actors (id_film, actor_name, role)   VALUES ('167'::INT,'Wallace Wolodarsky','');
INSERT INTO actors (name, url_photo)  VALUES ('Imogene Wolodarsky','
                    http://ia.media-imdb.com/images/M/MV5BMjMwMTI0MTM2MV5BMl5BanBnXkFtZTgwNzc1NjE4NTE@._V1_UY317_CR44,0,214,317_AL_.jpg');
INSERT INTO film_actors (id_film, actor_name, role)   VALUES ('167'::INT,'Imogene Wolodarsky','Amelia Stuart');
INSERT INTO actors (name, url_photo)  VALUES ('Ashley Aufderheide','
                    http://ia.media-imdb.com/images/M/MV5BMjI3MzQzNjgyMV5BMl5BanBnXkFtZTgwMjc1NjE4NTE@._V1_UY317_CR44,0,214,317_AL_.jpg');
INSERT INTO film_actors (id_film, actor_name, role)   VALUES ('167'::INT,'Ashley Aufderheide','Faith Stuart');
INSERT INTO actors (name, url_photo)  VALUES ('Mary O''Rourke','
                    http://ia.media-imdb.com/images/M/MV5BMTkzMTYxNTc3MF5BMl5BanBnXkFtZTcwMDY3MzE1OA@@._V1_UY317_CR44,0,214,317_AL_.jpg');
INSERT INTO film_actors (id_film, actor_name, role)   VALUES ('167'::INT,'Mary O''Rourke','');
INSERT INTO actors (name, url_photo)  VALUES ('William Xifaras','
                    http://ia.media-imdb.com/images/M/MV5BMTYxOTc1MTA4Nl5BMl5BanBnXkFtZTcwMzUxMjIxNw@@._V1_UY317_CR44,0,214,317_AL_.jpg');
INSERT INTO film_actors (id_film, actor_name, role)   VALUES ('167'::INT,'William Xifaras','Bus Driver');
INSERT INTO actors (name, url_photo)  VALUES ('Brianne Brozey','
                    http://ia.media-imdb.com/images/M/MV5BMTg4NDczMjcyMF5BMl5BanBnXkFtZTcwNTA3MjYzMw@@._V1_UY317_CR44,0,214,317_AL_.jpg');
INSERT INTO film_actors (id_film, actor_name, role)   VALUES ('167'::INT,'Brianne Brozey','Specialty Voices');
INSERT INTO actors (name, url_photo)  VALUES ('Adam Wolf Mayerson','
                    http://ia.media-imdb.com/images/M/MV5BMTA4OTY0MDk4NTZeQTJeQWpwZ15BbWU4MDU3ODExMDYx._V1_UY317_CR44,0,214,317_AL_.jpg');
INSERT INTO film_actors (id_film, actor_name, role)   VALUES ('167'::INT,'Adam Wolf Mayerson','Barman');
INSERT INTO actors (name, url_photo)  VALUES ('Beth Dixon','
                    http://ia.media-imdb.com/images/M/MV5BMjE1MjQ5MTQ4Nl5BMl5BanBnXkFtZTgwMDk5MzMzMTE@._V1_UY317_CR44,0,214,317_AL_.jpg');
INSERT INTO film_actors (id_film, actor_name, role)   VALUES ('167'::INT,'Beth Dixon','Pauline Stuart');
INSERT INTO actors (name, url_photo)  VALUES ('Georgia Lyman','');
INSERT INTO film_actors (id_film, actor_name, role)   VALUES ('167'::INT,'Georgia Lyman','Becca');
INSERT INTO actors (name, url_photo)  VALUES ('Manoah Angelo','
                    http://ia.media-imdb.com/images/M/MV5BODYwMDgyMzc2OF5BMl5BanBnXkFtZTgwMjMyOTAwNjE@._V1_UY317_CR44,0,214,317_AL_.jpg');
INSERT INTO film_actors (id_film, actor_name, role)   VALUES ('167'::INT,'Manoah Angelo','Thurgood');
INSERT INTO actors (name, url_photo)  VALUES ('Mike Jablon','
                    http://ia.media-imdb.com/images/M/MV5BNTA4NzYxNDM0NF5BMl5BanBnXkFtZTgwOTU0OTc2MjE@._V1_UY317_CR44,0,214,317_AL_.jpg');
INSERT INTO film_actors (id_film, actor_name, role)   VALUES ('167'::INT,'Mike Jablon','Unfriendly Houseguest');
INSERT INTO actors (name, url_photo)  VALUES ('George J. Vezina','
                    http://ia.media-imdb.com/images/M/MV5BMTYyNTYyODg2OV5BMl5BanBnXkFtZTcwMDg3ODYyMg@@._V1_UY317_CR44,0,214,317_AL_.jpg');
INSERT INTO film_actors (id_film, actor_name, role)   VALUES ('167'::INT,'George J. Vezina','Joe - Institution patient');
INSERT INTO film_genres (id_film, genre)   VALUES ('167'::INT,'Comedy');
INSERT INTO films (film_title, poster, duration, trailer, metascore, rating, year, plot, director) VALUES ('Big Game','http://ia.media-imdb.com/images/M/MV5BMjQxNTc1ODA1Ml5BMl5BanBnXkFtZTgwMTQ1NDM3NDE@._V1_SX214_AL_.jpg','110'::SMALLINT,'http://LucaIlFigo.com/watch/','40'::SMALLINT,'5.7'::DECIMAL(2,1),'2014'::SMALLINT,'When Air Force One is shot down by terrorists leaving the President of the United States stranded in the wilderness, there is only one person around who can save him - a 13-year old boy called Oskari. In the forest on a hunting mission to prove his maturity to his kinsfolk, Oskari had been planning to track down a deer, but instead discovers the most powerful man on the planet in an escape pod. With the terrorists closing in to capture their own "Big Game" prize, the unlikely duo must team up to escape their hunters. As anxious Pentagon officials observe the action via satellite feed, it is up to the President and his new side-kick to prove themselves and survive the most extraordinary 24 hours of their lives.','Jalmari Helander');
INSERT INTO actors (name, url_photo)  VALUES ('Samuel L. Jackson','http://ia.media-imdb.com/images/M/MV5BMTQ1NTQwMTYxNl5BMl5BanBnXkFtZTYwMjA1MzY1._V1_UY317_CR44,0,214,317_AL_.jpg');
INSERT INTO film_actors (id_film, actor_name, role)   VALUES ('168'::INT,'Samuel L. Jackson','US President William Alan Moore');
INSERT INTO actors (name, url_photo)  VALUES ('Onni Tommila','http://ia.media-imdb.com/images/M/MV5BNzUxMzM5NTM0N15BMl5BanBnXkFtZTgwNDI2NDc2MjE@._V1_UY317_CR44,0,214,317_AL_.jpg');
INSERT INTO film_actors (id_film, actor_name, role)   VALUES ('168'::INT,'Onni Tommila','Oskari');
INSERT INTO actors (name, url_photo)  VALUES ('Ray Stevenson','http://ia.media-imdb.com/images/M/MV5BMTg4MjczMDYzMV5BMl5BanBnXkFtZTcwMDQzMDIzMQ@@._V1_UY317_CR44,0,214,317_AL_.jpg');
INSERT INTO film_actors (id_film, actor_name, role)   VALUES ('168'::INT,'Ray Stevenson','Morris');
INSERT INTO actors (name, url_photo)  VALUES ('Victor Garber','http://ia.media-imdb.com/images/M/MV5BNTQxODYxNzE3NV5BMl5BanBnXkFtZTcwOTM4MTMwMg@@._V1_UY317_CR44,0,214,317_AL_.jpg');
INSERT INTO film_actors (id_film, actor_name, role)   VALUES ('168'::INT,'Victor Garber','Vice President');
INSERT INTO actors (name, url_photo)  VALUES ('Mehmet Kurtulus','http://ia.media-imdb.com/images/M/MV5BMjA5OTU5OTU4M15BMl5BanBnXkFtZTcwMjg0MDgwOA@@._V1_UY317_CR44,0,214,317_AL_.jpg');
INSERT INTO film_actors (id_film, actor_name, role)   VALUES ('168'::INT,'Mehmet Kurtulus','Hazar');
INSERT INTO actors (name, url_photo)  VALUES ('Ted Levine','http://ia.media-imdb.com/images/M/MV5BMTk4NTE3MjEwMF5BMl5BanBnXkFtZTYwODkzNTkz._V1_UY317_CR44,0,214,317_AL_.jpg');
INSERT INTO film_actors (id_film, actor_name, role)   VALUES ('168'::INT,'Ted Levine','General Underwood');
INSERT INTO actors (name, url_photo)  VALUES ('Jorma Tommila','');
INSERT INTO film_actors (id_film, actor_name, role)   VALUES ('168'::INT,'Jorma Tommila','Tapio');
INSERT INTO actors (name, url_photo)  VALUES ('Risto Salmi','');
INSERT INTO film_actors (id_film, actor_name, role)   VALUES ('168'::INT,'Risto Salmi','Hamara');
INSERT INTO actors (name, url_photo)  VALUES ('Felicity Huffman','http://ia.media-imdb.com/images/M/MV5BMTYzNDI2MDIwMV5BMl5BanBnXkFtZTcwMzY3NzcxNw@@._V1_UY317_CR44,0,214,317_AL_.jpg');
INSERT INTO film_actors (id_film, actor_name, role)   VALUES ('168'::INT,'Felicity Huffman','CIA Director');
INSERT INTO actors (name, url_photo)  VALUES ('Jim Broadbent','http://ia.media-imdb.com/images/M/MV5BOTY4ODgzMTg3MV5BMl5BanBnXkFtZTYwMDE4NTc0._V1_UY317_CR44,0,214,317_AL_.jpg');
INSERT INTO film_actors (id_film, actor_name, role)   VALUES ('168'::INT,'Jim Broadbent','Herbert');
INSERT INTO actors (name, url_photo)  VALUES ('Rauno Juvonen','');
INSERT INTO film_actors (id_film, actor_name, role)   VALUES ('168'::INT,'Rauno Juvonen','Safari Pilot');
INSERT INTO actors (name, url_photo)  VALUES ('Jaymes Butler','http://ia.media-imdb.com/images/M/MV5BMjIyMjEzNTcxMF5BMl5BanBnXkFtZTcwNjIzNzUxNw@@._V1_UY317_CR44,0,214,317_AL_.jpg');
INSERT INTO film_actors (id_film, actor_name, role)   VALUES ('168'::INT,'Jaymes Butler','Otis');
INSERT INTO actors (name, url_photo)  VALUES ('Jason Steffan','http://ia.media-imdb.com/images/M/MV5BMTcyNzE5NjgyMl5BMl5BanBnXkFtZTcwODk5OTEzMQ@@._V1_UY317_CR44,0,214,317_AL_.jpg');
INSERT INTO film_actors (id_film, actor_name, role)   VALUES ('168'::INT,'Jason Steffan','Dexter / Navy Seal 2');
INSERT INTO actors (name, url_photo)  VALUES ('Jean-Luc Julien','');
INSERT INTO film_actors (id_film, actor_name, role)   VALUES ('168'::INT,'Jean-Luc Julien','Clay');
INSERT INTO actors (name, url_photo)  VALUES ('Erik Markus Schuetz','');
INSERT INTO film_actors (id_film, actor_name, role)   VALUES ('168'::INT,'Erik Markus Schuetz','Stanley');
INSERT INTO film_genres (id_film, genre)   VALUES ('168'::INT,'Action');
INSERT INTO films (film_title, poster, duration, trailer, metascore, rating, year, plot, director) VALUES ('Inside Out','
            http://ia.media-imdb.com/images/M/MV5BOTgxMDQwMDk0OF5BMl5BanBnXkFtZTgwNjU5OTg2NDE@._V1_SX214_AL_.jpg
        ','94'::SMALLINT,'http://LucaIlFigo.com/watch/','91'::SMALLINT,'9.1'::DECIMAL(2,1),'2015'::SMALLINT,'Growing up can be a bumpy road, and it''s no exception for Riley, who is uprooted from her Midwest life
            when her father starts a new job in San Francisco. Like all of us, Riley is guided by her emotions - Joy,
            Fear, Anger, Disgust and Sadness. The emotions live in Headquarters, the control center inside Riley''s mind,
            where they help advise her through everyday life. As Riley and her emotions struggle to adjust to a new life
            in San Francisco, turmoil ensues in Headquarters. Although Joy, Riley''s main and most important emotion,
            tries to keep things positive, the emotions conflict on how best to navigate a new city, house and school.
        ','Pete Docter');
INSERT INTO actors (name, url_photo)  VALUES ('Amy Poehler','
                    http://ia.media-imdb.com/images/M/MV5BMTU3ODg5NzIyNl5BMl5BanBnXkFtZTgwMjI2MTE3NTE@._V1_UY317_CR44,0,214,317_AL_.jpg');
INSERT INTO film_actors (id_film, actor_name, role)   VALUES ('169'::INT,'Amy Poehler','Joy');
INSERT INTO actors (name, url_photo)  VALUES ('Phyllis Smith','
                    http://ia.media-imdb.com/images/M/MV5BMjA4NTM3NjUwMV5BMl5BanBnXkFtZTcwMDMyMTk3Mw@@._V1_UY317_CR44,0,214,317_AL_.jpg');
INSERT INTO film_actors (id_film, actor_name, role)   VALUES ('169'::INT,'Phyllis Smith','Sadness');
INSERT INTO actors (name, url_photo)  VALUES ('Richard Kind','
                    http://ia.media-imdb.com/images/M/MV5BMjEwMzgyNTI0MF5BMl5BanBnXkFtZTYwMTQ0OTI4._V1_UY317_CR44,0,214,317_AL_.jpg');
INSERT INTO film_actors (id_film, actor_name, role)   VALUES ('169'::INT,'Richard Kind','Bing Bong');
INSERT INTO actors (name, url_photo)  VALUES ('Bill Hader','
                    http://ia.media-imdb.com/images/M/MV5BNTY3MzgwMjE3N15BMl5BanBnXkFtZTcwNjc2MjE3NA@@._V1_UY317_CR44,0,214,317_AL_.jpg');
INSERT INTO film_actors (id_film, actor_name, role)   VALUES ('169'::INT,'Bill Hader','Fear');
INSERT INTO actors (name, url_photo)  VALUES ('Lewis Black','
                    http://ia.media-imdb.com/images/M/MV5BMTgwMzYyNzQwMV5BMl5BanBnXkFtZTcwOTI5NDY5Mw@@._V1_UY317_CR44,0,214,317_AL_.jpg');
INSERT INTO film_actors (id_film, actor_name, role)   VALUES ('169'::INT,'Lewis Black','Anger');
INSERT INTO actors (name, url_photo)  VALUES ('Mindy Kaling','
                    http://ia.media-imdb.com/images/M/MV5BNzQ2OTUzNDU1MF5BMl5BanBnXkFtZTcwODQ2MTYyNw@@._V1_UY317_CR44,0,214,317_AL_.jpg');
INSERT INTO film_actors (id_film, actor_name, role)   VALUES ('169'::INT,'Mindy Kaling','Disgust');
INSERT INTO actors (name, url_photo)  VALUES ('Kaitlyn Dias','
                    http://ia.media-imdb.com/images/M/MV5BMjM0NzQ5NTA0Nl5BMl5BanBnXkFtZTgwNTkxMjY4NTE@._V1_UY317_CR44,0,214,317_AL_.jpg');
INSERT INTO film_actors (id_film, actor_name, role)   VALUES ('169'::INT,'Kaitlyn Dias','Riley');
INSERT INTO actors (name, url_photo)  VALUES ('Diane Lane','
                    http://ia.media-imdb.com/images/M/MV5BMjE4ODQ5NTgxNl5BMl5BanBnXkFtZTcwNDkwMDgyMg@@._V1_UY317_CR44,0,214,317_AL_.jpg');
INSERT INTO film_actors (id_film, actor_name, role)   VALUES ('169'::INT,'Diane Lane','Mom');
INSERT INTO actors (name, url_photo)  VALUES ('Kyle MacLachlan','
                    http://ia.media-imdb.com/images/M/MV5BMTc4Mzk3OTg3MF5BMl5BanBnXkFtZTYwMTk0MDkz._V1_UY317_CR44,0,214,317_AL_.jpg');
INSERT INTO film_actors (id_film, actor_name, role)   VALUES ('169'::INT,'Kyle MacLachlan','Dad');
INSERT INTO actors (name, url_photo)  VALUES ('Paula Poundstone','
                    http://ia.media-imdb.com/images/M/MV5BMTc0MjMyMjA2Ml5BMl5BanBnXkFtZTcwODg5OTM0NA@@._V1_UY317_CR44,0,214,317_AL_.jpg');
INSERT INTO film_actors (id_film, actor_name, role)   VALUES ('169'::INT,'Paula Poundstone','Forgetter Paula');
INSERT INTO actors (name, url_photo)  VALUES ('Bobby Moynihan','
                    http://ia.media-imdb.com/images/M/MV5BMjA4MDI1NjU1OV5BMl5BanBnXkFtZTgwNTY2MjEwMjE@._V1_UY317_CR44,0,214,317_AL_.jpg');
INSERT INTO film_actors (id_film, actor_name, role)   VALUES ('169'::INT,'Bobby Moynihan','Forgetter Bobby');
INSERT INTO actors (name, url_photo)  VALUES ('Paula Pell','
                    http://ia.media-imdb.com/images/M/MV5BMTgxNjc0MTc0OF5BMl5BanBnXkFtZTcwOTM5MjM1OA@@._V1_UY317_CR44,0,214,317_AL_.jpg');
INSERT INTO film_actors (id_film, actor_name, role)   VALUES ('169'::INT,'Paula Pell','Dream Director / Mom''s Anger');
INSERT INTO actors (name, url_photo)  VALUES ('Dave Goelz','
                    http://ia.media-imdb.com/images/M/MV5BOTkyMjM5NDAwOV5BMl5BanBnXkFtZTcwNzQ5OTkwOA@@._V1_UY317_CR44,0,214,317_AL_.jpg');
INSERT INTO film_actors (id_film, actor_name, role)   VALUES ('169'::INT,'Dave Goelz','Subconscious Guard Frank');
INSERT INTO actors (name, url_photo)  VALUES ('Frank Oz','
                    http://ia.media-imdb.com/images/M/MV5BMTI1NTM4ODA0OV5BMl5BanBnXkFtZTYwODMxMjQ0._V1_UY317_CR44,0,214,317_AL_.jpg');
INSERT INTO film_actors (id_film, actor_name, role)   VALUES ('169'::INT,'Frank Oz','Subconscious Guard Dave');
INSERT INTO actors (name, url_photo)  VALUES ('Josh Cooley','');
INSERT INTO film_actors (id_film, actor_name, role)   VALUES ('169'::INT,'Josh Cooley','Jangles');
INSERT INTO film_genres (id_film, genre)   VALUES ('169'::INT,'Animation');
INSERT INTO films (film_title, poster, duration, trailer, metascore, rating, year, plot, director) VALUES ('Eden','
            http://ia.media-imdb.com/images/M/MV5BNzAxNTg3NTUzN15BMl5BanBnXkFtZTcwMTMwMDcwOQ@@._V1_SX214_AL_.jpg
        ','98'::SMALLINT,'http://LucaIlFigo.com/watch/','63'::SMALLINT,'6.7'::DECIMAL(2,1),'2012'::SMALLINT,'A young Korean-American girl, abducted and forced into prostitution by domestic human traffickers, joins
            forces with her captors in a desperate plea to survive.
        ','Megan Griffiths');
INSERT INTO actors (name, url_photo)  VALUES ('Jamie Chung','
                    http://ia.media-imdb.com/images/M/MV5BMjE4MzUxODgwOV5BMl5BanBnXkFtZTgwNjc2MDgyMDE@._V1_UY317_CR44,0,214,317_AL_.jpg');
INSERT INTO film_actors (id_film, actor_name, role)   VALUES ('170'::INT,'Jamie Chung','Eden');
INSERT INTO actors (name, url_photo)  VALUES ('Beau Bridges','
                    http://ia.media-imdb.com/images/M/MV5BMjA5MTY4NzEzOF5BMl5BanBnXkFtZTYwNjgyNTIz._V1_UY317_CR44,0,214,317_AL_.jpg');
INSERT INTO film_actors (id_film, actor_name, role)   VALUES ('170'::INT,'Beau Bridges','Bob Gault');
INSERT INTO actors (name, url_photo)  VALUES ('Matt O''Leary','
                    http://ia.media-imdb.com/images/M/MV5BMTI3MzY3ODIyMV5BMl5BanBnXkFtZTYwMjY2MTE0._V1_UY317_CR44,0,214,317_AL_.jpg');
INSERT INTO film_actors (id_film, actor_name, role)   VALUES ('170'::INT,'Matt O''Leary','Vaughan');
INSERT INTO actors (name, url_photo)  VALUES ('Eddie Martinez','
                    http://ia.media-imdb.com/images/M/MV5BMTQ0NzIyMTc1MV5BMl5BanBnXkFtZTgwMTQxNTAwMzE@._V1_UY317_CR44,0,214,317_AL_.jpg');
INSERT INTO film_actors (id_film, actor_name, role)   VALUES ('170'::INT,'Eddie Martinez','Mario');
INSERT INTO actors (name, url_photo)  VALUES ('Tantoo Cardinal','
                    http://ia.media-imdb.com/images/M/MV5BMTA5MTIwNDIyNTNeQTJeQWpwZ15BbWU2MDk0MzczMw@@._V1_UY317_CR44,0,214,317_AL_.jpg');
INSERT INTO film_actors (id_film, actor_name, role)   VALUES ('170'::INT,'Tantoo Cardinal','The Nurse');
INSERT INTO actors (name, url_photo)  VALUES ('Tracey Fairaway','
                    http://ia.media-imdb.com/images/M/MV5BMjI2MDU1ODgyMF5BMl5BanBnXkFtZTgwNTQ0OTU4MDE@._V1_UY317_CR44,0,214,317_AL_.jpg');
INSERT INTO film_actors (id_film, actor_name, role)   VALUES ('170'::INT,'Tracey Fairaway','Abbie');
INSERT INTO actors (name, url_photo)  VALUES ('Scott Mechlowicz','
                    http://ia.media-imdb.com/images/M/MV5BMTI5NTA0Nzk0Nl5BMl5BanBnXkFtZTcwNzk3NjYyMQ@@._V1_UY317_CR44,0,214,317_AL_.jpg');
INSERT INTO film_actors (id_film, actor_name, role)   VALUES ('170'::INT,'Scott Mechlowicz','Jesse');
INSERT INTO actors (name, url_photo)  VALUES ('Roman Roytberg','
                    http://ia.media-imdb.com/images/M/MV5BMTk1ODk0OTY4NF5BMl5BanBnXkFtZTcwNDAxNjU0Nw@@._V1_UY317_CR44,0,214,317_AL_.jpg');
INSERT INTO film_actors (id_film, actor_name, role)   VALUES ('170'::INT,'Roman Roytberg','Ivan');
INSERT INTO actors (name, url_photo)  VALUES ('John Farrage','
                    http://ia.media-imdb.com/images/M/MV5BMjE2MTA3NzYzMF5BMl5BanBnXkFtZTYwOTUzNDk3._V1_UY317_CR44,0,214,317_AL_.jpg');
INSERT INTO film_actors (id_film, actor_name, role)   VALUES ('170'::INT,'John Farrage','Avni');
INSERT INTO actors (name, url_photo)  VALUES ('Laura Kai Chen','
                    http://ia.media-imdb.com/images/M/MV5BMTA1NTE0OTc1NzleQTJeQWpwZ15BbWU4MDEwMjg4OTUx._V1_UY317_CR44,0,214,317_AL_.jpg');
INSERT INTO film_actors (id_film, actor_name, role)   VALUES ('170'::INT,'Laura Kai Chen','Oma');
INSERT INTO actors (name, url_photo)  VALUES ('Joseph Steven Yang','');
INSERT INTO film_actors (id_film, actor_name, role)   VALUES ('170'::INT,'Joseph Steven Yang','Apa');
INSERT INTO actors (name, url_photo)  VALUES ('Tony Doupe','
                    http://ia.media-imdb.com/images/M/MV5BMjMzMTQ4ODk3NF5BMl5BanBnXkFtZTgwNjMxNTAwNjE@._V1_UY317_CR44,0,214,317_AL_.jpg');
INSERT INTO film_actors (id_film, actor_name, role)   VALUES ('170'::INT,'Tony Doupe','Greer');
INSERT INTO actors (name, url_photo)  VALUES ('Russell Hodgkinson','
                    http://ia.media-imdb.com/images/M/MV5BMTEyNjE5MjAzNTdeQTJeQWpwZ15BbWU3MDIxMDI2NDk@._V1_UY317_CR44,0,214,317_AL_.jpg');
INSERT INTO film_actors (id_film, actor_name, role)   VALUES ('170'::INT,'Russell Hodgkinson','Dave');
INSERT INTO actors (name, url_photo)  VALUES ('Bhama Roget','
                    http://ia.media-imdb.com/images/M/MV5BNTkyMTM0OTkwOV5BMl5BanBnXkFtZTcwMzkzMjc4MQ@@._V1_UY317_CR44,0,214,317_AL_.jpg');
INSERT INTO film_actors (id_film, actor_name, role)   VALUES ('170'::INT,'Bhama Roget','Janine');
INSERT INTO actors (name, url_photo)  VALUES ('Jon S. Robbins','');
INSERT INTO film_actors (id_film, actor_name, role)   VALUES ('170'::INT,'Jon S. Robbins','Bill');
INSERT INTO film_genres (id_film, genre)   VALUES ('170'::INT,'Crime');
INSERT INTO films (film_title, poster, duration, trailer, metascore, rating, year, plot, director) VALUES ('Mad Max: Fury Road','
            http://ia.media-imdb.com/images/M/MV5BMTUyMTE0ODcxNF5BMl5BanBnXkFtZTgwODE4NDQzNTE@._V1_SY317_CR2,0,214,317_AL_.jpg
        ','120'::SMALLINT,'http://LucaIlFigo.com/watch/','89'::SMALLINT,'8.6'::DECIMAL(2,1),'2015'::SMALLINT,'An apocalyptic story set in the furthest reaches of our planet, in a stark desert landscape where humanity
            is broken, and almost everyone is crazed fighting for the necessities of life. Within this world exist two
            rebels on the run who just might be able to restore order. There''s Max, a man of action and a man of few
            words, who seeks peace of mind following the loss of his wife and child in the aftermath of the chaos. And
            Furiosa, a woman of action and a woman who believes her path to survival may be achieved if she can make it
            across the desert back to her childhood homeland.
        ','George Miller');
INSERT INTO actors (name, url_photo)  VALUES ('Tom Hardy','
                    http://ia.media-imdb.com/images/M/MV5BMTQ3ODEyNjA4Nl5BMl5BanBnXkFtZTgwMTE4ODMyMjE@._V1_UY317_CR44,0,214,317_AL_.jpg');
INSERT INTO film_actors (id_film, actor_name, role)   VALUES ('171'::INT,'Tom Hardy','Max Rockatansky');
INSERT INTO actors (name, url_photo)  VALUES ('Charlize Theron','
                    http://ia.media-imdb.com/images/M/MV5BMTk5Mzc4ODU0Ml5BMl5BanBnXkFtZTcwNjU1NTI0Mw@@._V1_UY317_CR44,0,214,317_AL_.jpg');
INSERT INTO film_actors (id_film, actor_name, role)   VALUES ('171'::INT,'Charlize Theron','Imperator Furiosa');
INSERT INTO actors (name, url_photo)  VALUES ('Nicholas Hoult','
                    http://ia.media-imdb.com/images/M/MV5BMTUxMTYxNzMzNF5BMl5BanBnXkFtZTcwMTU0NTcxOQ@@._V1_UY317_CR44,0,214,317_AL_.jpg');
INSERT INTO film_actors (id_film, actor_name, role)   VALUES ('171'::INT,'Nicholas Hoult','Nux');
INSERT INTO actors (name, url_photo)  VALUES ('Hugh Keays-Byrne','
                    http://ia.media-imdb.com/images/M/MV5BMTcyMDczOTMzNF5BMl5BanBnXkFtZTcwODcyNDE3OA@@._V1_UY317_CR44,0,214,317_AL_.jpg');
INSERT INTO film_actors (id_film, actor_name, role)   VALUES ('171'::INT,'Hugh Keays-Byrne','Immortan Joe');
INSERT INTO actors (name, url_photo)  VALUES ('Josh Helman','
                    http://ia.media-imdb.com/images/M/MV5BMjgzMDk1NTM5M15BMl5BanBnXkFtZTgwMjg1OTE2NDE@._V1_UY317_CR44,0,214,317_AL_.jpg');
INSERT INTO film_actors (id_film, actor_name, role)   VALUES ('171'::INT,'Josh Helman','Slit');
INSERT INTO actors (name, url_photo)  VALUES ('Nathan Jones','
                    http://ia.media-imdb.com/images/M/MV5BMTk2OTU4ODQzNl5BMl5BanBnXkFtZTcwNTY4MjgyMQ@@._V1_UY317_CR44,0,214,317_AL_.jpg');
INSERT INTO film_actors (id_film, actor_name, role)   VALUES ('171'::INT,'Nathan Jones','Rictus Erectus');
INSERT INTO actors (name, url_photo)  VALUES ('Zoë Kravitz','
                    http://ia.media-imdb.com/images/M/MV5BMjMzMDE1NzU4OV5BMl5BanBnXkFtZTcwMTEzMDM0OQ@@._V1_UY317_CR44,0,214,317_AL_.jpg');
INSERT INTO film_actors (id_film, actor_name, role)   VALUES ('171'::INT,'Zoë Kravitz','Toast the Knowing');
INSERT INTO actors (name, url_photo)  VALUES ('Rosie Huntington-Whiteley','
                    http://ia.media-imdb.com/images/M/MV5BMTM1Nzg4Nzc2NV5BMl5BanBnXkFtZTcwODI2NDY3NQ@@._V1_UY317_CR44,0,214,317_AL_.jpg');
INSERT INTO film_actors (id_film, actor_name, role)   VALUES ('171'::INT,'Rosie Huntington-Whiteley','The Splendid Angharad');
INSERT INTO actors (name, url_photo)  VALUES ('Riley Keough','
                    http://ia.media-imdb.com/images/M/MV5BMTMwMTI1MzgzNV5BMl5BanBnXkFtZTcwODg3NjE2MQ@@._V1_UY317_CR44,0,214,317_AL_.jpg');
INSERT INTO film_actors (id_film, actor_name, role)   VALUES ('171'::INT,'Riley Keough','Capable');
INSERT INTO actors (name, url_photo)  VALUES ('Abbey Lee','
                    http://ia.media-imdb.com/images/M/MV5BMzI0MTcyOTcyNV5BMl5BanBnXkFtZTgwOTc5MDQ3NTE@._V1_UY317_CR44,0,214,317_AL_.jpg');
INSERT INTO film_actors (id_film, actor_name, role)   VALUES ('171'::INT,'Abbey Lee','The Dag');
INSERT INTO actors (name, url_photo)  VALUES ('Courtney Eaton','
                    http://ia.media-imdb.com/images/M/MV5BMTQxMTcwMTg2Ml5BMl5BanBnXkFtZTgwODg2MDM2MjE@._V1_UY317_CR44,0,214,317_AL_.jpg');
INSERT INTO film_actors (id_film, actor_name, role)   VALUES ('171'::INT,'Courtney Eaton','Cheedo the Fragile');
INSERT INTO actors (name, url_photo)  VALUES ('John Howard','
                    http://ia.media-imdb.com/images/M/MV5BMTU5MzY1MTYyM15BMl5BanBnXkFtZTgwNDA3NjI1MjE@._V1_UY317_CR44,0,214,317_AL_.jpg');
INSERT INTO film_actors (id_film, actor_name, role)   VALUES ('171'::INT,'John Howard','The People Eater');
INSERT INTO actors (name, url_photo)  VALUES ('Richard Carter','
                    http://ia.media-imdb.com/images/M/MV5BOTcwNDAyOTMwM15BMl5BanBnXkFtZTcwNzgxMzk0OA@@._V1_UY317_CR44,0,214,317_AL_.jpg');
INSERT INTO film_actors (id_film, actor_name, role)   VALUES ('171'::INT,'Richard Carter','The Bullet Farmer');
INSERT INTO actors (name, url_photo)  VALUES ('Iota','');
INSERT INTO film_actors (id_film, actor_name, role)   VALUES ('171'::INT,'Iota','The Doof Warrior');
INSERT INTO actors (name, url_photo)  VALUES ('Angus Sampson','
                    http://ia.media-imdb.com/images/M/MV5BMTY3NDUyOTY4MV5BMl5BanBnXkFtZTcwMDc1MzY0Mg@@._V1_UY317_CR44,0,214,317_AL_.jpg');
INSERT INTO film_actors (id_film, actor_name, role)   VALUES ('171'::INT,'Angus Sampson','The Organic Mechanic');
INSERT INTO film_genres (id_film, genre)   VALUES ('171'::INT,'Action');
INSERT INTO films (film_title, poster, duration, trailer, metascore, rating, year, plot, director) VALUES ('Max','http://ia.media-imdb.com/images/M/MV5BMjA2Nzk0NzIyN15BMl5BanBnXkFtZTgwMjEyNTE5NDE@._V1_SX214_AL_.jpg','111'::SMALLINT,'http://LucaIlFigo.com/watch/','-1'::SMALLINT,'-1.0'::DECIMAL(2,1),'2015'::SMALLINT,'A dog that helped US Marines in Afghanistan returns to the U.S. and is adopted by his handler''s family after suffering a traumatic experience.','Boaz Yakin');
INSERT INTO actors (name, url_photo)  VALUES ('Robbie Amell','http://ia.media-imdb.com/images/M/MV5BMTg5NjQwMjY5MF5BMl5BanBnXkFtZTcwMDQ0MTU4OA@@._V1_UY317_CR44,0,214,317_AL_.jpg');
INSERT INTO film_actors (id_film, actor_name, role)   VALUES ('172'::INT,'Robbie Amell','Kyle Wincott');
INSERT INTO actors (name, url_photo)  VALUES ('Lauren Graham','http://ia.media-imdb.com/images/M/MV5BMTc4OTQ0NTExMV5BMl5BanBnXkFtZTYwMDkyNDQz._V1_UY317_CR44,0,214,317_AL_.jpg');
INSERT INTO film_actors (id_film, actor_name, role)   VALUES ('172'::INT,'Lauren Graham','Pamela');
INSERT INTO actors (name, url_photo)  VALUES ('Thomas Haden Church','http://ia.media-imdb.com/images/M/MV5BNjkxNDQ1MzIxM15BMl5BanBnXkFtZTcwMjA1MTA4Mg@@._V1_UY317_CR44,0,214,317_AL_.jpg');
INSERT INTO film_actors (id_film, actor_name, role)   VALUES ('172'::INT,'Thomas Haden Church','Ray');
INSERT INTO actors (name, url_photo)  VALUES ('Luke Kleintank','http://ia.media-imdb.com/images/M/MV5BMTQyMDY2MzIyOF5BMl5BanBnXkFtZTcwMTA1NTY2OA@@._V1_UY317_CR44,0,214,317_AL_.jpg');
INSERT INTO film_actors (id_film, actor_name, role)   VALUES ('172'::INT,'Luke Kleintank','');
INSERT INTO actors (name, url_photo)  VALUES ('Jay Hernandez','http://ia.media-imdb.com/images/M/MV5BMjE1NjU3Mjg2NV5BMl5BanBnXkFtZTYwMzczMjQ3._V1_UY317_CR44,0,214,317_AL_.jpg');
INSERT INTO film_actors (id_film, actor_name, role)   VALUES ('172'::INT,'Jay Hernandez','');
INSERT INTO actors (name, url_photo)  VALUES ('Josh Wiggins','http://ia.media-imdb.com/images/M/MV5BMjAzOTI0MTY3MV5BMl5BanBnXkFtZTgwODIwNTk5MDE@._V1_UY317_CR44,0,214,317_AL_.jpg');
INSERT INTO film_actors (id_film, actor_name, role)   VALUES ('172'::INT,'Josh Wiggins','Justin Wincott');
INSERT INTO actors (name, url_photo)  VALUES ('Mia Xitlali','http://ia.media-imdb.com/images/M/MV5BMTk0NTU4NzQ2Nl5BMl5BanBnXkFtZTgwNDYwNDExMzE@._V1_UY317_CR44,0,214,317_AL_.jpg');
INSERT INTO film_actors (id_film, actor_name, role)   VALUES ('172'::INT,'Mia Xitlali','Carmen');
INSERT INTO actors (name, url_photo)  VALUES ('Walid N. Hakim','http://ia.media-imdb.com/images/M/MV5BMTk5OTQ3NTA2MV5BMl5BanBnXkFtZTgwMTAyNDI2MzE@._V1_UY317_CR44,0,214,317_AL_.jpg');
INSERT INTO film_actors (id_film, actor_name, role)   VALUES ('172'::INT,'Walid N. Hakim','Taliban Fighter');
INSERT INTO actors (name, url_photo)  VALUES ('Joseph Julian Soria','http://ia.media-imdb.com/images/M/MV5BMTcxNjEyOTQyOV5BMl5BanBnXkFtZTcwNTYyMTc5Mw@@._V1_UY317_CR44,0,214,317_AL_.jpg');
INSERT INTO film_actors (id_film, actor_name, role)   VALUES ('172'::INT,'Joseph Julian Soria','Emilio');
INSERT INTO actors (name, url_photo)  VALUES ('Gabriel Rush','http://ia.media-imdb.com/images/M/MV5BMjk2MDQwMDc2Nl5BMl5BanBnXkFtZTgwMzI0MzU0MzE@._V1_UY317_CR44,0,214,317_AL_.jpg');
INSERT INTO film_actors (id_film, actor_name, role)   VALUES ('172'::INT,'Gabriel Rush','Additional voices');
INSERT INTO actors (name, url_photo)  VALUES ('Owen Harn','http://ia.media-imdb.com/images/M/MV5BMjM3MDEwOTg2OF5BMl5BanBnXkFtZTcwMDA2OTg4OQ@@._V1_UY317_CR44,0,214,317_AL_.jpg');
INSERT INTO film_actors (id_film, actor_name, role)   VALUES ('172'::INT,'Owen Harn','Stack');
INSERT INTO actors (name, url_photo)  VALUES ('Ian Gregg','http://ia.media-imdb.com/images/M/MV5BNjIxNTUwNTcyNV5BMl5BanBnXkFtZTgwNTkxODI0MzE@._V1_UY317_CR44,0,214,317_AL_.jpg');
INSERT INTO film_actors (id_film, actor_name, role)   VALUES ('172'::INT,'Ian Gregg','Latino Boy');
INSERT INTO actors (name, url_photo)  VALUES ('Dejon LaQuake','http://ia.media-imdb.com/images/M/MV5BNzM1MDU0Njg1N15BMl5BanBnXkFtZTgwNTgzODc5NDE@._V1_UY317_CR44,0,214,317_AL_.jpg');
INSERT INTO film_actors (id_film, actor_name, role)   VALUES ('172'::INT,'Dejon LaQuake','Chuy');
INSERT INTO actors (name, url_photo)  VALUES ('James Alcorn','http://ia.media-imdb.com/images/M/MV5BNDc4NTE5NTQ1M15BMl5BanBnXkFtZTgwMTY2MDE5NDE@._V1_UY317_CR44,0,214,317_AL_.jpg');
INSERT INTO film_actors (id_film, actor_name, role)   VALUES ('172'::INT,'James Alcorn','Bike Teen');
INSERT INTO actors (name, url_photo)  VALUES ('Samara Amat','http://ia.media-imdb.com/images/M/MV5BMTAwMTIwOTk3NTheQTJeQWpwZ15BbWU4MDI5ODQ1NDEx._V1_UY317_CR44,0,214,317_AL_.jpg');
INSERT INTO film_actors (id_film, actor_name, role)   VALUES ('172'::INT,'Samara Amat','');
INSERT INTO film_genres (id_film, genre)   VALUES ('172'::INT,'Adventure');
INSERT INTO films (film_title, poster, duration, trailer, metascore, rating, year, plot, director) VALUES ('Paradise Lost','http://ia.media-imdb.com/images/M/MV5BNTUzMDQ0MzA4OV5BMl5BanBnXkFtZTgwNDY3OTc2MjE@._V1_SY317_CR9,0,214,317_AL_.jpg','120'::SMALLINT,'http://LucaIlFigo.com/watch/','60'::SMALLINT,'6.6'::DECIMAL(2,1),'2014'::SMALLINT,'Nicko and his brother take off from Canada in search of an easier life on the beaches of Colombia. Nicko meets a girl in the local village and they quickly fall in love, only for Nicko to later find out that Maria''s uncle is the drug trafficker, Pablo Escobar. His life takes a dramatic turn after meeting El Patron, and Nick is forced into impossible situations to try and keep his family safe, but does Pablo have other ideas?','Andrea Di Stefano');
INSERT INTO actors (name, url_photo)  VALUES ('Josh Hutcherson','http://ia.media-imdb.com/images/M/MV5BMTI4OTk0MjQ1OV5BMl5BanBnXkFtZTcwNTE3NjM3Mw@@._V1_UY317_CR44,0,214,317_AL_.jpg');
INSERT INTO film_actors (id_film, actor_name, role)   VALUES ('173'::INT,'Josh Hutcherson','Nick');
INSERT INTO actors (name, url_photo)  VALUES ('Benicio Del Toro','http://ia.media-imdb.com/images/M/MV5BMTkzODQ4NzU1N15BMl5BanBnXkFtZTcwOTUzMzc5Mg@@._V1_UY317_CR44,0,214,317_AL_.jpg');
INSERT INTO film_actors (id_film, actor_name, role)   VALUES ('173'::INT,'Benicio Del Toro','Pablo Escobar');
INSERT INTO actors (name, url_photo)  VALUES ('Brady Corbet','http://ia.media-imdb.com/images/M/MV5BMTQ4MDUwOTI4MF5BMl5BanBnXkFtZTcwOTgxMTI1NQ@@._V1_UY317_CR44,0,214,317_AL_.jpg');
INSERT INTO film_actors (id_film, actor_name, role)   VALUES ('173'::INT,'Brady Corbet','Dylan');
INSERT INTO actors (name, url_photo)  VALUES ('Claudia Traisac','http://ia.media-imdb.com/images/M/MV5BMTg2MDEwODM0NV5BMl5BanBnXkFtZTcwODg2ODM3OQ@@._V1_UY317_CR44,0,214,317_AL_.jpg');
INSERT INTO film_actors (id_film, actor_name, role)   VALUES ('173'::INT,'Claudia Traisac','Maria');
INSERT INTO actors (name, url_photo)  VALUES ('Carlos Bardem','http://ia.media-imdb.com/images/M/MV5BMjIwNDE5NzE4M15BMl5BanBnXkFtZTgwMTAxOTYwNjE@._V1_UY317_CR44,0,214,317_AL_.jpg');
INSERT INTO film_actors (id_film, actor_name, role)   VALUES ('173'::INT,'Carlos Bardem','Drago');
INSERT INTO actors (name, url_photo)  VALUES ('Ana Girardot','http://ia.media-imdb.com/images/M/MV5BMTA2NDY0OTg0MTheQTJeQWpwZ15BbWU3MDczNzM2NDM@._V1_UY317_CR44,0,214,317_AL_.jpg');
INSERT INTO film_actors (id_film, actor_name, role)   VALUES ('173'::INT,'Ana Girardot','Laure');
INSERT INTO actors (name, url_photo)  VALUES ('Laura Londoño','http://ia.media-imdb.com/images/M/MV5BMjEwMzEwNTEyOF5BMl5BanBnXkFtZTgwNDc0ODE3MTE@._V1_UY317_CR44,0,214,317_AL_.jpg');
INSERT INTO film_actors (id_film, actor_name, role)   VALUES ('173'::INT,'Laura Londoño','Maria Victoria');
INSERT INTO actors (name, url_photo)  VALUES ('Lauren Ziemski','http://ia.media-imdb.com/images/M/MV5BOTY2MjM3MDI1NV5BMl5BanBnXkFtZTcwMjA2MjU3NA@@._V1_UY317_CR44,0,214,317_AL_.jpg');
INSERT INTO film_actors (id_film, actor_name, role)   VALUES ('173'::INT,'Lauren Ziemski','Tourist at Bus Stop');
INSERT INTO actors (name, url_photo)  VALUES ('Rossana Uribe','http://ia.media-imdb.com/images/M/MV5BMTk4NjY2OTQ4OV5BMl5BanBnXkFtZTcwNTUxMTA2MQ@@._V1_UY317_CR44,0,214,317_AL_.jpg');
INSERT INTO film_actors (id_film, actor_name, role)   VALUES ('173'::INT,'Rossana Uribe','Store Lady');
INSERT INTO actors (name, url_photo)  VALUES ('Micke Moreno','');
INSERT INTO film_actors (id_film, actor_name, role)   VALUES ('173'::INT,'Micke Moreno','Martin');
INSERT INTO actors (name, url_photo)  VALUES ('Aaron Zebede','http://ia.media-imdb.com/images/M/MV5BMjAyMDY3MTA0NV5BMl5BanBnXkFtZTgwNzQ0NDg4MDE@._V1_UY317_CR44,0,214,317_AL_.jpg');
INSERT INTO film_actors (id_film, actor_name, role)   VALUES ('173'::INT,'Aaron Zebede','Pepito Torres');
INSERT INTO actors (name, url_photo)  VALUES ('Juan Francisco Selles','');
INSERT INTO film_actors (id_film, actor_name, role)   VALUES ('173'::INT,'Juan Francisco Selles','Cop Madrigal');
INSERT INTO actors (name, url_photo)  VALUES ('RoChia','');
INSERT INTO film_actors (id_film, actor_name, role)   VALUES ('173'::INT,'RoChia','Pablo Escobar''s father');
INSERT INTO actors (name, url_photo)  VALUES ('Henry Bravo','');
INSERT INTO film_actors (id_film, actor_name, role)   VALUES ('173'::INT,'Henry Bravo','Cop Pablo');
INSERT INTO actors (name, url_photo)  VALUES ('Mario Miranda','');
INSERT INTO film_actors (id_film, actor_name, role)   VALUES ('173'::INT,'Mario Miranda','Young Waiter Arana');
INSERT INTO film_genres (id_film, genre)   VALUES ('173'::INT,'Romance');
INSERT INTO films (film_title, poster, duration, trailer, metascore, rating, year, plot, director) VALUES ('Dope','
            http://ia.media-imdb.com/images/M/MV5BMjA3MjYyNTk0Nl5BMl5BanBnXkFtZTgwODc1NzQ1NTE@._V1_SX214_AL_.jpg
        ','115'::SMALLINT,'http://LucaIlFigo.com/watch/','74'::SMALLINT,'6.6'::DECIMAL(2,1),'2015'::SMALLINT,'A coming of age comedy/drama for the post hip hop generation. Malcolm is a geek, carefully surviving life
            in The Bottoms, a tough neighborhood in Inglewood, CA filled gangsters and drugs dealers, while juggling his
            senior year of college applications, interviews and the SAT. His dream is to attend Harvard. A chance
            invitation to a big underground party leads Malcolm and his friends into a, only in Los Angeles, gritty
            adventure filed with offbeat characters and bad choices. If Malcolm can persevere, he''ll go from being a
            geek, to being dope, to ultimately being himself.
        ','Rick Famuyiwa');
INSERT INTO actors (name, url_photo)  VALUES ('Rakim Mayers','');
INSERT INTO film_actors (id_film, actor_name, role)   VALUES ('174'::INT,'Rakim Mayers','Dom');
INSERT INTO actors (name, url_photo)  VALUES ('Blake Anderson','
                    http://ia.media-imdb.com/images/M/MV5BMTA2MzEwMjUzNTheQTJeQWpwZ15BbWU4MDc3MjAwOTMx._V1_UY317_CR44,0,214,317_AL_.jpg');
INSERT INTO film_actors (id_film, actor_name, role)   VALUES ('174'::INT,'Blake Anderson','Will Sherwood');
INSERT INTO actors (name, url_photo)  VALUES ('Bruce Beatty','
                    http://ia.media-imdb.com/images/M/MV5BNDc4NTEzNDI0N15BMl5BanBnXkFtZTcwNTI5NjE5OQ@@._V1_UY317_CR44,0,214,317_AL_.jpg');
INSERT INTO film_actors (id_film, actor_name, role)   VALUES ('174'::INT,'Bruce Beatty','Mr. Bailey');
INSERT INTO actors (name, url_photo)  VALUES ('De''aundre Bonds','
                    http://ia.media-imdb.com/images/M/MV5BMTgzODM4MDE4NF5BMl5BanBnXkFtZTYwMDE2OTA3._V1_UY317_CR44,0,214,317_AL_.jpg');
INSERT INTO film_actors (id_film, actor_name, role)   VALUES ('174'::INT,'De''aundre Bonds','Stacey');
INSERT INTO actors (name, url_photo)  VALUES ('Julian Brand','
                    http://ia.media-imdb.com/images/M/MV5BMjE5NjUxNDU5OF5BMl5BanBnXkFtZTgwODQzOTI3NTE@._V1_UY317_CR44,0,214,317_AL_.jpg');
INSERT INTO film_actors (id_film, actor_name, role)   VALUES ('174'::INT,'Julian Brand','Mario');
INSERT INTO actors (name, url_photo)  VALUES ('Quincy Brown','
                    http://ia.media-imdb.com/images/M/MV5BODE1MzM0MTkzOV5BMl5BanBnXkFtZTgwMjQyMjMzMjE@._V1_UY317_CR44,0,214,317_AL_.jpg');
INSERT INTO film_actors (id_film, actor_name, role)   VALUES ('174'::INT,'Quincy Brown','Jaleel');
INSERT INTO actors (name, url_photo)  VALUES ('Kiersey Clemons','
                    http://ia.media-imdb.com/images/M/MV5BODMwNTQ0NjYwMl5BMl5BanBnXkFtZTgwOTY5OTcxNDE@._V1_UY317_CR44,0,214,317_AL_.jpg');
INSERT INTO film_actors (id_film, actor_name, role)   VALUES ('174'::INT,'Kiersey Clemons','Diggy');
INSERT INTO actors (name, url_photo)  VALUES ('Kimberly Elise','
                    http://ia.media-imdb.com/images/M/MV5BMTg1MDMyNjExMV5BMl5BanBnXkFtZTcwODY1OTQ1NA@@._V1_UY317_CR44,0,214,317_AL_.jpg');
INSERT INTO film_actors (id_film, actor_name, role)   VALUES ('174'::INT,'Kimberly Elise','Lisa Hayes');
INSERT INTO actors (name, url_photo)  VALUES ('Rick Fox','
                    http://ia.media-imdb.com/images/M/MV5BNjMwMTIxNDc5OF5BMl5BanBnXkFtZTgwMzM2NDkyMjE@._V1_UY317_CR44,0,214,317_AL_.jpg');
INSERT INTO film_actors (id_film, actor_name, role)   VALUES ('174'::INT,'Rick Fox','Councilman Blackmon');
INSERT INTO actors (name, url_photo)  VALUES ('Christopher Glenn','
                    http://ia.media-imdb.com/images/M/MV5BNTUxNzQwNTA1Nl5BMl5BanBnXkFtZTgwMTg2OTY5NTE@._V1_UY317_CR44,0,214,317_AL_.jpg');
INSERT INTO film_actors (id_film, actor_name, role)   VALUES ('174'::INT,'Christopher Glenn','Crip 1');
INSERT INTO actors (name, url_photo)  VALUES ('Ricky Harris','');
INSERT INTO film_actors (id_film, actor_name, role)   VALUES ('174'::INT,'Ricky Harris','Tannehill James');
INSERT INTO actors (name, url_photo)  VALUES ('Chanel Iman','
                    http://ia.media-imdb.com/images/M/MV5BMTkwNTU0NjEwOF5BMl5BanBnXkFtZTgwOTIyMDcwMzE@._V1_UY317_CR44,0,214,317_AL_.jpg');
INSERT INTO film_actors (id_film, actor_name, role)   VALUES ('174'::INT,'Chanel Iman','Lily');
INSERT INTO actors (name, url_photo)  VALUES ('Wyking Jones','');
INSERT INTO film_actors (id_film, actor_name, role)   VALUES ('174'::INT,'Wyking Jones','SAT Proctor');
INSERT INTO actors (name, url_photo)  VALUES ('Amin Joseph','
                    http://ia.media-imdb.com/images/M/MV5BMTQ4MDcyMTg2OV5BMl5BanBnXkFtZTgwOTgzMzIxNTE@._V1_UY317_CR44,0,214,317_AL_.jpg');
INSERT INTO film_actors (id_film, actor_name, role)   VALUES ('174'::INT,'Amin Joseph','The Voice');
INSERT INTO actors (name, url_photo)  VALUES ('Kapg','');
INSERT INTO film_actors (id_film, actor_name, role)   VALUES ('174'::INT,'Kapg','Fidel X');
INSERT INTO film_genres (id_film, genre)   VALUES ('174'::INT,'Comedy');
INSERT INTO films (film_title, poster, duration, trailer, metascore, rating, year, plot, director) VALUES ('Avengers: Age of Ultron','
            http://ia.media-imdb.com/images/M/MV5BMTU4MDU3NDQ5Ml5BMl5BanBnXkFtZTgwOTU5MDUxNTE@._V1_SY317_CR1,0,214,317_AL_.jpg
        ','141'::SMALLINT,'http://LucaIlFigo.com/watch/','66'::SMALLINT,'8.0'::DECIMAL(2,1),'2015'::SMALLINT,'When Tony Stark tries to jumpstart a dormant peacekeeping program, things go awry and Earth''s Mightiest
            Heroes, including Iron Man, Captain America, Thor, the Incredible Hulk, Black Widow and Hawkeye, are put to
            the ultimate test as the fate of the planet hangs in the balance. As the villainous Ultron emerges, it is up
            to the Avengers to stop him from enacting his terrible plans, and soon uneasy alliances and unexpected
            action pave the way for a global adventure.
        ','Joss Whedon');
INSERT INTO actors (name, url_photo)  VALUES ('Robert Downey Jr.','
                    http://ia.media-imdb.com/images/M/MV5BMTAwNjk2NTUyMzleQTJeQWpwZ15BbWU3MDQ2NzQzMTc@._V1_UY317_CR44,0,214,317_AL_.jpg');
INSERT INTO film_actors (id_film, actor_name, role)   VALUES ('175'::INT,'Robert Downey Jr.','Tony Stark / Iron Man');
INSERT INTO actors (name, url_photo)  VALUES ('Chris Hemsworth','
                    http://ia.media-imdb.com/images/M/MV5BOTU2MTI0NTIyNV5BMl5BanBnXkFtZTcwMTA4Nzc3OA@@._V1_UY317_CR44,0,214,317_AL_.jpg');
INSERT INTO film_actors (id_film, actor_name, role)   VALUES ('175'::INT,'Chris Hemsworth','Thor');
INSERT INTO actors (name, url_photo)  VALUES ('Mark Ruffalo','
                    http://ia.media-imdb.com/images/M/MV5BMTI5MjMwNjAzNF5BMl5BanBnXkFtZTcwMzkyNDg1Mw@@._V1_UY317_CR44,0,214,317_AL_.jpg');
INSERT INTO film_actors (id_film, actor_name, role)   VALUES ('175'::INT,'Mark Ruffalo','Bruce Banner / Hulk');
INSERT INTO actors (name, url_photo)  VALUES ('Chris Evans','
                    http://ia.media-imdb.com/images/M/MV5BMTU2NTg1OTQzMF5BMl5BanBnXkFtZTcwNjIyMjkyMg@@._V1_UY317_CR44,0,214,317_AL_.jpg');
INSERT INTO film_actors (id_film, actor_name, role)   VALUES ('175'::INT,'Chris Evans','Steve Rogers / Captain America');
INSERT INTO actors (name, url_photo)  VALUES ('Scarlett Johansson','
                    http://ia.media-imdb.com/images/M/MV5BMTM3OTUwMDYwNl5BMl5BanBnXkFtZTcwNTUyNzc3Nw@@._V1_UY317_CR44,0,214,317_AL_.jpg');
INSERT INTO film_actors (id_film, actor_name, role)   VALUES ('175'::INT,'Scarlett Johansson','Natasha Romanoff / Black Widow');
INSERT INTO actors (name, url_photo)  VALUES ('Jeremy Renner','
                    http://ia.media-imdb.com/images/M/MV5BOTk2NDc2ODgzMF5BMl5BanBnXkFtZTcwMTMzOTQ4Nw@@._V1_UY317_CR44,0,214,317_AL_.jpg');
INSERT INTO film_actors (id_film, actor_name, role)   VALUES ('175'::INT,'Jeremy Renner','Clint Barton / Hawkeye');
INSERT INTO actors (name, url_photo)  VALUES ('James Spader','
                    http://ia.media-imdb.com/images/M/MV5BMTQ3MTQ5NjY5Ml5BMl5BanBnXkFtZTgwMTY0NzU5MDE@._V1_UY317_CR44,0,214,317_AL_.jpg');
INSERT INTO film_actors (id_film, actor_name, role)   VALUES ('175'::INT,'James Spader','Ultron');
INSERT INTO actors (name, url_photo)  VALUES ('Samuel L. Jackson','
                    http://ia.media-imdb.com/images/M/MV5BMTQ1NTQwMTYxNl5BMl5BanBnXkFtZTYwMjA1MzY1._V1_UY317_CR44,0,214,317_AL_.jpg');
INSERT INTO film_actors (id_film, actor_name, role)   VALUES ('175'::INT,'Samuel L. Jackson','Nick Fury');
INSERT INTO actors (name, url_photo)  VALUES ('Don Cheadle','
                    http://ia.media-imdb.com/images/M/MV5BNDMxNDM3MzY5N15BMl5BanBnXkFtZTcwMjkzOTY4MQ@@._V1_UY317_CR44,0,214,317_AL_.jpg');
INSERT INTO film_actors (id_film, actor_name, role)   VALUES ('175'::INT,'Don Cheadle','James Rhodes / War Machine');
INSERT INTO actors (name, url_photo)  VALUES ('Aaron Taylor-Johnson','
                    http://ia.media-imdb.com/images/M/MV5BMzE5MzI0MzY2OF5BMl5BanBnXkFtZTgwODE3MTk4MTE@._V1_UY317_CR44,0,214,317_AL_.jpg');
INSERT INTO film_actors (id_film, actor_name, role)   VALUES ('175'::INT,'Aaron Taylor-Johnson','Pietro Maximoff / Quicksilver');
INSERT INTO actors (name, url_photo)  VALUES ('Elizabeth Olsen','
                    http://ia.media-imdb.com/images/M/MV5BMjEzMjA0ODk1OF5BMl5BanBnXkFtZTcwMTA4ODM3OQ@@._V1_UY317_CR44,0,214,317_AL_.jpg');
INSERT INTO film_actors (id_film, actor_name, role)   VALUES ('175'::INT,'Elizabeth Olsen','Wanda Maximoff / Scarlet Witch');
INSERT INTO actors (name, url_photo)  VALUES ('Paul Bettany','
                    http://ia.media-imdb.com/images/M/MV5BMjEwODg1MTA5Ml5BMl5BanBnXkFtZTcwNDQwMTQxMw@@._V1_UY317_CR44,0,214,317_AL_.jpg');
INSERT INTO film_actors (id_film, actor_name, role)   VALUES ('175'::INT,'Paul Bettany','Jarvis / Vision');
INSERT INTO actors (name, url_photo)  VALUES ('Cobie Smulders','
                    http://ia.media-imdb.com/images/M/MV5BMTkzNTUyMTczM15BMl5BanBnXkFtZTcwMjMxNTM4Nw@@._V1_UY317_CR44,0,214,317_AL_.jpg');
INSERT INTO film_actors (id_film, actor_name, role)   VALUES ('175'::INT,'Cobie Smulders','Maria Hill');
INSERT INTO actors (name, url_photo)  VALUES ('Anthony Mackie','
                    http://ia.media-imdb.com/images/M/MV5BMTk3NTM1MjE2M15BMl5BanBnXkFtZTcwNzc5OTI2Mg@@._V1_UY317_CR44,0,214,317_AL_.jpg');
INSERT INTO film_actors (id_film, actor_name, role)   VALUES ('175'::INT,'Anthony Mackie','Sam Wilson / Falcon');
INSERT INTO actors (name, url_photo)  VALUES ('Hayley Atwell','
                    http://ia.media-imdb.com/images/M/MV5BMTM5ODk5Mjc1Ml5BMl5BanBnXkFtZTYwNDI0Njk3._V1_UY317_CR44,0,214,317_AL_.jpg');
INSERT INTO film_actors (id_film, actor_name, role)   VALUES ('175'::INT,'Hayley Atwell','Peggy Carter');
INSERT INTO film_genres (id_film, genre)   VALUES ('175'::INT,'Action');
INSERT INTO films (film_title, poster, duration, trailer, metascore, rating, year, plot, director) VALUES ('A Murder in the Park','http://ia.media-imdb.com/images/M/MV5BMTc1NDU5MjE4NF5BMl5BanBnXkFtZTgwNDQzMzQ0MjE@._V1_SY317_CR6,0,214,317_AL_.jpg','91'::SMALLINT,'http://LucaIlFigo.com/watch/','-1'::SMALLINT,'8.2'::DECIMAL(2,1),'2014'::SMALLINT,'In 1999, just hours before his scheduled execution, convicted killer Anthony Porter''s life was saved by a journalism class from Northwestern University, led by renowned Innocence Project pioneer, Professor David Protess. The class seemingly found the real killer, Alstory Simon. Porter was released, becoming the poster boy of the anti-death penalty movement. Because of his case, Illinois eventually abolished the death penalty. The filmmakers present strong evidence that Northwestern''s investigation led to the release of the real killer, and imprisoned an innocent man. In October 2013, due in part to this film''s investigation, the Cook County State''s Attorney''s office reopened this case.','Christopher S. Rech');
INSERT INTO actors (name, url_photo)  VALUES ('Dexter Hammett','');
INSERT INTO film_actors (id_film, actor_name, role)   VALUES ('176'::INT,'Dexter Hammett','Alstory Simon');
INSERT INTO actors (name, url_photo)  VALUES ('Kevin Adelstein','');
INSERT INTO film_actors (id_film, actor_name, role)   VALUES ('176'::INT,'Kevin Adelstein','David Protess');
INSERT INTO actors (name, url_photo)  VALUES ('Joseph Alex','http://ia.media-imdb.com/images/M/MV5BMTEyOTk1ODEzNDBeQTJeQWpwZ15BbWU4MDQ2MjUwNzEx._V1_UY317_CR44,0,214,317_AL_.jpg');
INSERT INTO film_actors (id_film, actor_name, role)   VALUES ('176'::INT,'Joseph Alex','Anthony Porter');
INSERT INTO actors (name, url_photo)  VALUES ('Denny Castiglione','http://ia.media-imdb.com/images/M/MV5BMTU2NzQwMDAxMF5BMl5BanBnXkFtZTgwODUzOTA4NTE@._V1_UY317_CR44,0,214,317_AL_.jpg');
INSERT INTO film_actors (id_film, actor_name, role)   VALUES ('176'::INT,'Denny Castiglione','Paul Ciolino');
INSERT INTO actors (name, url_photo)  VALUES ('Jason Patrick','http://ia.media-imdb.com/images/M/MV5BMTU3NjcyODE5NF5BMl5BanBnXkFtZTcwODc4MzM0OA@@._V1_UY317_CR44,0,214,317_AL_.jpg');
INSERT INTO film_actors (id_film, actor_name, role)   VALUES ('176'::INT,'Jason Patrick','William Taylor');
INSERT INTO actors (name, url_photo)  VALUES ('Aswan Harris','http://ia.media-imdb.com/images/M/MV5BMTk4MDIwMjg1MF5BMl5BanBnXkFtZTgwNzM1MTk2NDE@._V1_UY317_CR44,0,214,317_AL_.jpg');
INSERT INTO film_actors (id_film, actor_name, role)   VALUES ('176'::INT,'Aswan Harris','Jerry Hillard');
INSERT INTO actors (name, url_photo)  VALUES ('Sabrina McPherson','');
INSERT INTO film_actors (id_film, actor_name, role)   VALUES ('176'::INT,'Sabrina McPherson','Marilyn Green');
INSERT INTO actors (name, url_photo)  VALUES ('Derick Mayes','');
INSERT INTO film_actors (id_film, actor_name, role)   VALUES ('176'::INT,'Derick Mayes','Alstory Simon');
INSERT INTO actors (name, url_photo)  VALUES ('Tamicka Scruggs','');
INSERT INTO film_actors (id_film, actor_name, role)   VALUES ('176'::INT,'Tamicka Scruggs','Inez Jackson');
INSERT INTO actors (name, url_photo)  VALUES ('Tony Murphy','');
INSERT INTO film_actors (id_film, actor_name, role)   VALUES ('176'::INT,'Tony Murphy','Accomplice');
INSERT INTO actors (name, url_photo)  VALUES ('Christina Shaffer','');
INSERT INTO film_actors (id_film, actor_name, role)   VALUES ('176'::INT,'Christina Shaffer','Shawn Armbrust');
INSERT INTO actors (name, url_photo)  VALUES ('Giorgiana Lascu','');
INSERT INTO film_actors (id_film, actor_name, role)   VALUES ('176'::INT,'Giorgiana Lascu','Cara Rubinski');
INSERT INTO actors (name, url_photo)  VALUES ('Phillia Thomas','');
INSERT INTO film_actors (id_film, actor_name, role)   VALUES ('176'::INT,'Phillia Thomas','Syandene Rhodes-Pitts');
INSERT INTO actors (name, url_photo)  VALUES ('Luke Hearty','');
INSERT INTO film_actors (id_film, actor_name, role)   VALUES ('176'::INT,'Luke Hearty','Tom McCann');
INSERT INTO actors (name, url_photo)  VALUES ('Sandra Mroczka','');
INSERT INTO film_actors (id_film, actor_name, role)   VALUES ('176'::INT,'Sandra Mroczka','Erica LeBorgne');
INSERT INTO film_genres (id_film, genre)   VALUES ('176'::INT,'Documentary');
